module,variable,Identificador,product_var,product,quantity_used,imputed_price_usd_kg,imputation_reason,imputed_economic_value
adnac2022,valor_ad,01055201021260001,rc_clacul,otros permanentes,109.090909090909,0.1,producto_sin_precio_en_insumo_investigador,10.9090909090909
adnac2022,valor_ad,01055401056250004,rc_clacul,otros permanentes,9.09090909090909,0.1,producto_sin_precio_en_insumo_investigador,0.909090909090909
adnac2022,valor_ad,01055401056250010,rc_clacul,otros permanentes,27.2727272727273,0.1,producto_sin_precio_en_insumo_investigador,2.72727272727273
adnac2022,valor_ad,01065064000991184,rc_clacul,otros permanentes,15.9090909090909,0.1,producto_sin_precio_en_insumo_investigador,1.59090909090909
adnac2022,valor_ad,02075002001500004,rc_clacul,otros permanentes,290.909090909091,0.1,producto_sin_precio_en_insumo_investigador,29.0909090909091
adnac2022,valor_ad,02075002001500004,rc_clacul,otros permanentes,0.545454545454546,0.1,producto_sin_precio_en_insumo_investigador,0.0545454545454546
adnac2022,valor_ad,02075002001700009,rc_clacul,otros permanentes,100,0.1,producto_sin_precio_en_insumo_investigador,10
adnac2022,valor_ad,03015401090230008,rc_clacul,otros permanentes,18.1818181818182,0.1,producto_sin_precio_en_insumo_investigador,1.81818181818182
adnac2022,valor_ad,03015801091020001,rc_clacul,otros permanentes,2.27272727272727,0.1,producto_sin_precio_en_insumo_investigador,0.227272727272727
adnac2022,valor_ad,03045056000993459,rc_clacul,otros permanentes,4.54545454545455,0.1,producto_sin_precio_en_insumo_investigador,0.454545454545455
adnac2022,valor_ad,03045062000990432,rc_clacul,otros permanentes,272.727272727273,0.1,producto_sin_precio_en_insumo_investigador,27.2727272727273
adnac2022,valor_ad,03045062000990432,rc_clacul,otros permanentes,113.636363636364,0.1,producto_sin_precio_en_insumo_investigador,11.3636363636364
adnac2022,valor_ad,03045062000990432,rc_clacul,otros permanentes,113.636363636364,0.1,producto_sin_precio_en_insumo_investigador,11.3636363636364
adnac2022,valor_ad,03045064000991552,rc_clacul,otros permanentes,22.7272727272727,0.1,producto_sin_precio_en_insumo_investigador,2.27272727272727
adnac2022,valor_ad,05025101107300003,rc_clacul,otros permanentes,11.3636363636364,0.1,producto_sin_precio_en_insumo_investigador,1.13636363636364
adnac2022,valor_ad,05025101113000002,rc_clacul,otros permanentes,4.54545454545455,0.1,producto_sin_precio_en_insumo_investigador,0.454545454545455
adnac2022,valor_ad,05025002001640005,rc_clacul,otros permanentes,227.272727272727,0.1,producto_sin_precio_en_insumo_investigador,22.7272727272727
adnac2022,valor_ad,05025002001640008,rc_clacul,otros permanentes,13.6363636363636,0.1,producto_sin_precio_en_insumo_investigador,1.36363636363636
adnac2022,valor_ad,05025002001640015,rc_clacul,otros permanentes,9.09090909090909,0.1,producto_sin_precio_en_insumo_investigador,0.909090909090909
adnac2022,valor_ad,06105062000993937,rc_clacul,otros permanentes,40.9090909090909,0.1,producto_sin_precio_en_insumo_investigador,4.09090909090909
adnac2022,valor_ad,06085064000991704,rc_clacul,otros permanentes,454.545454545455,0.1,producto_sin_precio_en_insumo_investigador,45.4545454545455
adnac2022,valor_ad,06105064000991717,rc_clacul,otros permanentes,13.6363636363636,0.1,producto_sin_precio_en_insumo_investigador,1.36363636363636
adnac2022,valor_ad,06045064000991728,rc_clacul,otros permanentes,81.8181818181818,0.1,producto_sin_precio_en_insumo_investigador,8.18181818181818
adnac2022,valor_ad,08045301015530002,rc_clacul,otros permanentes,45.4545454545455,0.1,producto_sin_precio_en_insumo_investigador,4.54545454545455
adnac2022,valor_ad,08015902078810007,rc_clacul,otros permanentes,12.2727272727273,0.1,producto_sin_precio_en_insumo_investigador,1.22727272727273
adnac2022,valor_ad,08015902078810009,rc_clacul,otros permanentes,5.45454545454546,0.1,producto_sin_precio_en_insumo_investigador,0.545454545454546
adnac2022,valor_ad,08045102108630002,rc_clacul,otros permanentes,818.181818181818,0.1,producto_sin_precio_en_insumo_investigador,81.8181818181818
adnac2022,valor_ad,08045202110470003,rc_clacul,otros permanentes,68.1818181818182,0.1,producto_sin_precio_en_insumo_investigador,6.81818181818182
adnac2022,valor_ad,08045202110470008,rc_clacul,otros permanentes,27.2727272727273,0.1,producto_sin_precio_en_insumo_investigador,2.72727272727273
adnac2022,valor_ad,08045302119770001,rc_clacul,otros permanentes,81.8181818181818,0.1,producto_sin_precio_en_insumo_investigador,8.18181818181818
adnac2022,valor_ad,08045302119770002,rc_clacul,otros permanentes,36.3636363636364,0.1,producto_sin_precio_en_insumo_investigador,3.63636363636364
adnac2022,valor_ad,08045302119770003,rc_clacul,otros permanentes,109.090909090909,0.1,producto_sin_precio_en_insumo_investigador,10.9090909090909
adnac2022,valor_ad,08045302119770004,rc_clacul,otros permanentes,81.8181818181818,0.1,producto_sin_precio_en_insumo_investigador,8.18181818181818
adnac2022,valor_ad,08045302119770005,rc_clacul,otros permanentes,36.3636363636364,0.1,producto_sin_precio_en_insumo_investigador,3.63636363636364
adnac2022,valor_ad,08045302127750017,rc_clacul,otros permanentes,227.272727272727,0.1,producto_sin_precio_en_insumo_investigador,22.7272727272727
adnac2022,valor_ad,08045002133200012,rc_clacul,otros permanentes,2.27272727272727,0.1,producto_sin_precio_en_insumo_investigador,0.227272727272727
adnac2022,valor_ad,08045302134850005,rc_clacul,otros permanentes,72.7272727272727,0.1,producto_sin_precio_en_insumo_investigador,7.27272727272727
adnac2022,valor_ad,08045002137340003,rc_clacul,otros permanentes,22.7272727272727,0.1,producto_sin_precio_en_insumo_investigador,2.27272727272727
adnac2022,valor_ad,08045002137870007,rc_clacul,otros permanentes,22.7272727272727,0.1,producto_sin_precio_en_insumo_investigador,2.27272727272727
adnac2022,valor_ad,08045002141310002,rc_clacul,otros permanentes,227.272727272727,0.1,producto_sin_precio_en_insumo_investigador,22.7272727272727
adnac2022,valor_ad,08045002151100002,rc_clacul,otros permanentes,18.1818181818182,0.1,producto_sin_precio_en_insumo_investigador,1.81818181818182
adnac2022,valor_ad,08045502152820006,rc_clacul,otros permanentes,4.54545454545455,0.1,producto_sin_precio_en_insumo_investigador,0.454545454545455
adnac2022,valor_ad,08045502161450003,rc_clacul,otros permanentes,454.545454545455,0.1,producto_sin_precio_en_insumo_investigador,45.4545454545455
adnac2022,valor_ad,08025903008530019,rc_clacul,otros permanentes,68.1818181818182,0.1,producto_sin_precio_en_insumo_investigador,6.81818181818182
adnac2022,valor_ad,08025903008530019,rc_clacul,otros permanentes,40.9090909090909,0.1,producto_sin_precio_en_insumo_investigador,4.09090909090909
adnac2022,valor_ad,08045104002390001,rc_clacul,otros permanentes,227.272727272727,0.1,producto_sin_precio_en_insumo_investigador,22.7272727272727
adnac2022,valor_ad,09085202015340007,rc_clacul,otros permanentes,3654.54545454546,0.1,producto_sin_precio_en_insumo_investigador,365.454545454546
adnac2022,valor_ad,09045002016570009,rc_clacul,otros permanentes,68.1818181818182,0.1,producto_sin_precio_en_insumo_investigador,6.81818181818182
adnac2022,valor_ad,09045002017280006,rc_clacul,otros permanentes,27.2727272727273,0.1,producto_sin_precio_en_insumo_investigador,2.72727272727273
adnac2022,valor_ad,09065302050430012,rc_clacul,otros permanentes,40.9090909090909,0.1,producto_sin_precio_en_insumo_investigador,4.09090909090909
adnac2022,valor_ad,09195002065700001,rc_clacul,otros permanentes,4.54545454545455,0.1,producto_sin_precio_en_insumo_investigador,0.454545454545455
adnac2022,valor_ad,09125002087620012,rc_clacul,otros permanentes,34.0909090909091,0.1,producto_sin_precio_en_insumo_investigador,3.40909090909091
adnac2022,valor_ad,09125002087620014,rc_clacul,otros permanentes,68.1818181818182,0.1,producto_sin_precio_en_insumo_investigador,6.81818181818182
adnac2022,valor_ad,09095002104780006,rc_clacul,otros permanentes,54.5454545454545,0.1,producto_sin_precio_en_insumo_investigador,5.45454545454545
adnac2022,valor_ad,09115402134340002,rc_clacul,otros permanentes,181.818181818182,0.1,producto_sin_precio_en_insumo_investigador,18.1818181818182
adnac2022,valor_ad,09015004001900008,rc_clacul,otros permanentes,7.27272727272727,0.1,producto_sin_precio_en_insumo_investigador,0.727272727272727
adnac2022,valor_ad,09015004002040034,rc_clacul,otros permanentes,136.363636363636,0.1,producto_sin_precio_en_insumo_investigador,13.6363636363636
adnac2022,valor_ad,09015004002040057,rc_clacul,otros permanentes,7.27272727272727,0.1,producto_sin_precio_en_insumo_investigador,0.727272727272727
adnac2022,valor_ad,09115451000993407,rc_clacul,otros permanentes,13.6363636363636,0.1,producto_sin_precio_en_insumo_investigador,1.36363636363636
adnac2022,valor_ad,09115451000993407,rc_clacul,otros permanentes,22.7272727272727,0.1,producto_sin_precio_en_insumo_investigador,2.27272727272727
adnac2022,valor_ad,09205051000993410,rc_clacul,otros permanentes,227.272727272727,0.1,producto_sin_precio_en_insumo_investigador,22.7272727272727
adnac2022,valor_ad,09115451000993416,rc_clacul,otros permanentes,3.63636363636364,0.1,producto_sin_precio_en_insumo_investigador,0.363636363636364
adnac2022,valor_ad,09115054000992225,rc_clacul,otros permanentes,272.727272727273,0.1,producto_sin_precio_en_insumo_investigador,27.2727272727273
adnac2022,valor_ad,09115054000992225,rc_clacul,otros permanentes,272.727272727273,0.1,producto_sin_precio_en_insumo_investigador,27.2727272727273
adnac2022,valor_ad,09115054000992225,rc_clacul,otros permanentes,454.545454545455,0.1,producto_sin_precio_en_insumo_investigador,45.4545454545455
adnac2022,valor_ad,10015501001010001,rc_clacul,otros permanentes,9.09090909090909,0.1,producto_sin_precio_en_insumo_investigador,0.909090909090909
adnac2022,valor_ad,10035202000100006,rc_clacul,otros permanentes,72.7272727272727,0.1,producto_sin_precio_en_insumo_investigador,7.27272727272727
adnac2022,valor_ad,10035202000100008,rc_clacul,otros permanentes,90.9090909090909,0.1,producto_sin_precio_en_insumo_investigador,9.09090909090909
adnac2022,valor_ad,11095201115370001,rc_clacul,otros permanentes,2.54545454545455,0.1,producto_sin_precio_en_insumo_investigador,0.254545454545455
adnac2022,valor_ad,11095201115370003,rc_clacul,otros permanentes,1.81818181818182,0.1,producto_sin_precio_en_insumo_investigador,0.181818181818182
adnac2022,valor_ad,12105102001230001,rc_clacul,otros permanentes,245.454545454545,0.1,producto_sin_precio_en_insumo_investigador,24.5454545454546
adnac2022,valor_ad,12105102001630001,rc_clacul,otros permanentes,654.545454545455,0.1,producto_sin_precio_en_insumo_investigador,65.4545454545455
adnac2022,valor_ad,12105102004340002,rc_clacul,otros permanentes,113.636363636364,0.1,producto_sin_precio_en_insumo_investigador,11.3636363636364
adnac2022,valor_ad,12105102004340005,rc_clacul,otros permanentes,3636.36363636364,0.1,producto_sin_precio_en_insumo_investigador,363.636363636364
adnac2022,valor_ad,12105002007390004,rc_clacul,otros permanentes,68.1818181818182,0.1,producto_sin_precio_en_insumo_investigador,6.81818181818182
adnac2022,valor_ad,12115002017210003,rc_clacul,otros permanentes,18.1818181818182,0.1,producto_sin_precio_en_insumo_investigador,1.81818181818182
adnac2022,valor_ad,12115002017210005,rc_clacul,otros permanentes,13.6363636363636,0.1,producto_sin_precio_en_insumo_investigador,1.36363636363636
adnac2022,valor_ad,12115002017210013,rc_clacul,otros permanentes,18.1818181818182,0.1,producto_sin_precio_en_insumo_investigador,1.81818181818182
adnac2022,valor_ad,12115002020560001,rc_clacul,otros permanentes,50,0.1,producto_sin_precio_en_insumo_investigador,5
adnac2022,valor_ad,12115002020560002,rc_clacul,otros permanentes,18.1818181818182,0.1,producto_sin_precio_en_insumo_investigador,1.81818181818182
adnac2022,valor_ad,12115002020560002,rc_clacul,otros permanentes,2.27272727272727,0.1,producto_sin_precio_en_insumo_investigador,0.227272727272727
adnac2022,valor_ad,12115002020560003,rc_clacul,otros permanentes,6.81818181818182,0.1,producto_sin_precio_en_insumo_investigador,0.681818181818182
adnac2022,valor_ad,12115002020560004,rc_clacul,otros permanentes,1.36363636363636,0.1,producto_sin_precio_en_insumo_investigador,0.136363636363636
adnac2022,valor_ad,12115002020560008,rc_clacul,otros permanentes,1.59090909090909,0.1,producto_sin_precio_en_insumo_investigador,0.159090909090909
adnac2022,valor_ad,12115002021300009,rc_clacul,otros permanentes,454.545454545455,0.1,producto_sin_precio_en_insumo_investigador,45.4545454545455
adnac2022,valor_ad,12135002035140008,rc_clacul,otros permanentes,16.3636363636364,0.1,producto_sin_precio_en_insumo_investigador,1.63636363636364
adnac2022,valor_ad,12075202036970013,rc_clacul,otros permanentes,909.090909090909,0.1,producto_sin_precio_en_insumo_investigador,90.9090909090909
adnac2022,valor_ad,12075202036970013,rc_clacul,otros permanentes,90.9090909090909,0.1,producto_sin_precio_en_insumo_investigador,9.09090909090909
adnac2022,valor_ad,12075202036970019,rc_clacul,otros permanentes,40.9090909090909,0.1,producto_sin_precio_en_insumo_investigador,4.09090909090909
adnac2022,valor_ad,12125002041050006,rc_clacul,otros permanentes,4.54545454545455,0.1,producto_sin_precio_en_insumo_investigador,0.454545454545455
adnac2022,valor_ad,12125002042740007,rc_clacul,otros permanentes,90.9090909090909,0.1,producto_sin_precio_en_insumo_investigador,9.09090909090909
adnac2022,valor_ad,12125002049080014,rc_clacul,otros permanentes,95.4545454545454,0.1,producto_sin_precio_en_insumo_investigador,9.54545454545454
adnac2022,valor_ad,12125002049250005,rc_clacul,otros permanentes,6,0.1,producto_sin_precio_en_insumo_investigador,0.6
adnac2022,valor_ad,12075202056410014,rc_clacul,otros permanentes,40.9090909090909,0.1,producto_sin_precio_en_insumo_investigador,4.09090909090909
adnac2022,valor_ad,12075202068480017,rc_clacul,otros permanentes,13.6363636363636,0.1,producto_sin_precio_en_insumo_investigador,1.36363636363636
adnac2022,valor_ad,12085002079070001,rc_clacul,otros permanentes,22.7272727272727,0.1,producto_sin_precio_en_insumo_investigador,2.27272727272727
adnac2022,valor_ad,12015302142550001,rc_clacul,otros permanentes,136.363636363636,0.1,producto_sin_precio_en_insumo_investigador,13.6363636363636
adnac2022,valor_ad,12015302142550001,rc_clacul,otros permanentes,13.6363636363636,0.1,producto_sin_precio_en_insumo_investigador,1.36363636363636
adnac2022,valor_ad,12035002143260007,rc_clacul,otros permanentes,300,0.1,producto_sin_precio_en_insumo_investigador,30
adnac2022,valor_ad,12105003000410002,rc_clacul,otros permanentes,90.9090909090909,0.1,producto_sin_precio_en_insumo_investigador,9.09090909090909
adnac2022,valor_ad,12015361000992875,rc_clacul,otros permanentes,27.2727272727273,0.1,producto_sin_precio_en_insumo_investigador,2.72727272727273
adnac2022,valor_ad,13045202049050002,rc_clacul,otros permanentes,7.27272727272727,0.1,producto_sin_precio_en_insumo_investigador,0.727272727272727
adnac2022,valor_ad,13055002053910001,rc_clacul,otros permanentes,136.363636363636,0.1,producto_sin_precio_en_insumo_investigador,13.6363636363636
adnac2022,valor_ad,13055002053910001,rc_clacul,otros permanentes,272.727272727273,0.1,producto_sin_precio_en_insumo_investigador,27.2727272727273
adnac2022,valor_ad,13045002087880005,rc_clacul,otros permanentes,40.9090909090909,0.1,producto_sin_precio_en_insumo_investigador,4.09090909090909
adnac2022,valor_ad,13055202097100001,rc_clacul,otros permanentes,136.363636363636,0.1,producto_sin_precio_en_insumo_investigador,13.6363636363636
adnac2022,valor_ad,13045002108900003,rc_clacul,otros permanentes,54.5454545454545,0.1,producto_sin_precio_en_insumo_investigador,5.45454545454545
adnac2022,valor_ad,13035102112700004,rc_clacul,otros permanentes,6.81818181818182,0.1,producto_sin_precio_en_insumo_investigador,0.681818181818182
adnac2022,valor_ad,13035002145840003,rc_clacul,otros permanentes,45.4545454545455,0.1,producto_sin_precio_en_insumo_investigador,4.54545454545455
adnac2022,valor_ad,13035702163270003,rc_clacul,otros permanentes,3.63636363636364,0.1,producto_sin_precio_en_insumo_investigador,0.363636363636364
adnac2022,valor_ad,13035702163270006,rc_clacul,otros permanentes,9.09090909090909,0.1,producto_sin_precio_en_insumo_investigador,0.909090909090909
adnac2022,valor_ad,13155102170390001,rc_clacul,otros permanentes,22.7272727272727,0.1,producto_sin_precio_en_insumo_investigador,2.27272727272727
adnac2022,valor_ad,13155102170390007,rc_clacul,otros permanentes,81.8181818181818,0.1,producto_sin_precio_en_insumo_investigador,8.18181818181818
adnac2022,valor_ad,13155202183300005,rc_clacul,otros permanentes,0.909090909090909,0.1,producto_sin_precio_en_insumo_investigador,0.0909090909090909
adnac2022,valor_ad,13155202183300018,rc_clacul,otros permanentes,3.63636363636364,0.1,producto_sin_precio_en_insumo_investigador,0.363636363636364
adnac2022,valor_ad,13155202183300021,rc_clacul,otros permanentes,3.40909090909091,0.1,producto_sin_precio_en_insumo_investigador,0.340909090909091
adnac2022,valor_ad,13155202183300022,rc_clacul,otros permanentes,27.2727272727273,0.1,producto_sin_precio_en_insumo_investigador,2.72727272727273
adnac2022,valor_ad,13015102206360026,rc_clacul,otros permanentes,109.090909090909,0.1,producto_sin_precio_en_insumo_investigador,10.9090909090909
adnac2022,valor_ad,13135302227470003,rc_clacul,otros permanentes,0.909090909090909,0.1,producto_sin_precio_en_insumo_investigador,0.0909090909090909
adnac2022,valor_ad,13065202246640013,rc_clacul,otros permanentes,54.5454545454545,0.1,producto_sin_precio_en_insumo_investigador,5.45454545454545
adnac2022,valor_ad,13105002246680017,rc_clacul,otros permanentes,136.363636363636,0.1,producto_sin_precio_en_insumo_investigador,13.6363636363636
adnac2022,valor_ad,13045003007290021,rc_clacul,otros permanentes,272.727272727273,0.1,producto_sin_precio_en_insumo_investigador,27.2727272727273
adnac2022,valor_ad,13045003007290026,rc_clacul,otros permanentes,113.636363636364,0.1,producto_sin_precio_en_insumo_investigador,11.3636363636364
adnac2022,valor_ad,13035503010030013,rc_clacul,otros permanentes,363.636363636364,0.1,producto_sin_precio_en_insumo_investigador,36.3636363636364
adnac2022,valor_ad,13115103015820006,rc_clacul,otros permanentes,545.454545454545,0.1,producto_sin_precio_en_insumo_investigador,54.5454545454545
adnac2022,valor_ad,13135203020860015,rc_clacul,otros permanentes,227.272727272727,0.1,producto_sin_precio_en_insumo_investigador,22.7272727272727
adnac2022,valor_ad,13135203020860016,rc_clacul,otros permanentes,681.818181818182,0.1,producto_sin_precio_en_insumo_investigador,68.1818181818182
adnac2022,valor_ad,13175004000490001,rc_clacul,otros permanentes,40.9090909090909,0.1,producto_sin_precio_en_insumo_investigador,4.09090909090909
adnac2022,valor_ad,13225104001140017,rc_clacul,otros permanentes,0.454545454545455,0.1,producto_sin_precio_en_insumo_investigador,0.0454545454545455
adnac2022,valor_ad,13015604002020009,rc_clacul,otros permanentes,45.4545454545455,0.1,producto_sin_precio_en_insumo_investigador,4.54545454545455
adnac2022,valor_ad,13015654000994100,rc_clacul,otros permanentes,2272.72727272727,0.1,producto_sin_precio_en_insumo_investigador,227.272727272727
adnac2022,valor_ad,13045061000992730,rc_clacul,otros permanentes,136.363636363636,0.1,producto_sin_precio_en_insumo_investigador,13.6363636363636
adnac2022,valor_ad,14045401017870001,rc_clacul,otros permanentes,34.0909090909091,0.1,producto_sin_precio_en_insumo_investigador,3.40909090909091
adnac2022,valor_ad,14045401019350001,rc_clacul,otros permanentes,636.363636363636,0.1,producto_sin_precio_en_insumo_investigador,63.6363636363636
adnac2022,valor_ad,14045401019350001,rc_clacul,otros permanentes,909.090909090909,0.1,producto_sin_precio_en_insumo_investigador,90.9090909090909
adnac2022,valor_ad,14015301034620015,rc_clacul,otros permanentes,218.181818181818,0.1,producto_sin_precio_en_insumo_investigador,21.8181818181818
adnac2022,valor_ad,14015702011050001,rc_clacul,otros permanentes,272.727272727273,0.1,producto_sin_precio_en_insumo_investigador,27.2727272727273
adnac2022,valor_ad,14015702011050002,rc_clacul,otros permanentes,511.363636363636,0.1,producto_sin_precio_en_insumo_investigador,51.1363636363636
adnac2022,valor_ad,14015702011050002,rc_clacul,otros permanentes,145.454545454545,0.1,producto_sin_precio_en_insumo_investigador,14.5454545454545
adnac2022,valor_ad,14095002012150003,rc_clacul,otros permanentes,68.1818181818182,0.1,producto_sin_precio_en_insumo_investigador,6.81818181818182
adnac2022,valor_ad,14095002012150003,rc_clacul,otros permanentes,109.090909090909,0.1,producto_sin_precio_en_insumo_investigador,10.9090909090909
adnac2022,valor_ad,14095002012150003,rc_clacul,otros permanentes,204.545454545455,0.1,producto_sin_precio_en_insumo_investigador,20.4545454545455
adnac2022,valor_ad,14095002012170005,rc_clacul,otros permanentes,54.5454545454545,0.1,producto_sin_precio_en_insumo_investigador,5.45454545454545
adnac2022,valor_ad,14095002012170016,rc_clacul,otros permanentes,56.8181818181818,0.1,producto_sin_precio_en_insumo_investigador,5.68181818181818
adnac2022,valor_ad,14095002012170017,rc_clacul,otros permanentes,27.2727272727273,0.1,producto_sin_precio_en_insumo_investigador,2.72727272727273
adnac2022,valor_ad,14095002012170017,rc_clacul,otros permanentes,27.2727272727273,0.1,producto_sin_precio_en_insumo_investigador,2.72727272727273
adnac2022,valor_ad,14095002012170017,rc_clacul,otros permanentes,636.363636363636,0.1,producto_sin_precio_en_insumo_investigador,63.6363636363636
adnac2022,valor_ad,14095002012170020,rc_clacul,otros permanentes,818.181818181818,0.1,producto_sin_precio_en_insumo_investigador,81.8181818181818
adnac2022,valor_ad,14095002012170020,rc_clacul,otros permanentes,113.636363636364,0.1,producto_sin_precio_en_insumo_investigador,11.3636363636364
adnac2022,valor_ad,14045103001260001,rc_clacul,otros permanentes,5.68181818181818,0.1,producto_sin_precio_en_insumo_investigador,0.568181818181818
adnac2022,valor_ad,15035001039680020,rc_clacul,otros permanentes,113.636363636364,0.1,producto_sin_precio_en_insumo_investigador,11.3636363636364
adnac2022,valor_ad,15095054000994116,rc_clacul,otros permanentes,454.545454545455,0.1,producto_sin_precio_en_insumo_investigador,45.4545454545455
adnac2022,valor_ad,15095054000994116,rc_clacul,otros permanentes,227.272727272727,0.1,producto_sin_precio_en_insumo_investigador,22.7272727272727
adnac2022,valor_ad,16016603011090007,rc_clacul,otros permanentes,2.27272727272727,0.1,producto_sin_precio_en_insumo_investigador,0.227272727272727
adnac2022,valor_ad,17095004000360017,rc_clacul,otros permanentes,109.090909090909,0.1,producto_sin_precio_en_insumo_investigador,10.9090909090909
adnac2022,valor_ad,21045402040200003,rc_clacul,otros permanentes,227.272727272727,0.1,producto_sin_precio_en_insumo_investigador,22.7272727272727
adnac2022,valor_ad,21075003020550003,rc_clacul,otros permanentes,54.5454545454545,0.1,producto_sin_precio_en_insumo_investigador,5.45454545454545
adnac2022,valor_ad,21075003020550006,rc_clacul,otros permanentes,545.454545454545,0.1,producto_sin_precio_en_insumo_investigador,54.5454545454545
adnac2022,valor_ad,21055304000560001,rc_clacul,otros permanentes,227.272727272727,0.1,producto_sin_precio_en_insumo_investigador,22.7272727272727
adnac2022,valor_ad,21035304003070003,rc_clacul,otros permanentes,27.2727272727273,0.1,producto_sin_precio_en_insumo_investigador,2.72727272727273
adnac2022,valor_ad,23015501014760001,rc_clacul,otros permanentes,45.4545454545455,0.1,producto_sin_precio_en_insumo_investigador,4.54545454545455
adnac2022,valor_ad,23015301098770002,rc_clacul,otros permanentes,1022.72727272727,0.1,producto_sin_precio_en_insumo_investigador,102.272727272727
adnac2022,valor_ad,23025302004400003,rc_clacul,otros permanentes,11.3636363636364,0.1,producto_sin_precio_en_insumo_investigador,1.13636363636364
adnac2022,valor_ad,23015202012620007,rc_clacul,otros permanentes,204.545454545455,0.1,producto_sin_precio_en_insumo_investigador,20.4545454545455
adnac2022,valor_ad,23015202012620009,rc_clacul,otros permanentes,13.6363636363636,0.1,producto_sin_precio_en_insumo_investigador,1.36363636363636
adnac2022,valor_ad,23015302014330001,rc_clacul,otros permanentes,68.1818181818182,0.1,producto_sin_precio_en_insumo_investigador,6.81818181818182
adnac2022,valor_ad,23015302016110003,rc_clacul,otros permanentes,4.54545454545455,0.1,producto_sin_precio_en_insumo_investigador,0.454545454545455
adnac2022,valor_ad,23015302016110007,rc_clacul,otros permanentes,27.2727272727273,0.1,producto_sin_precio_en_insumo_investigador,2.72727272727273
adnac2022,valor_ad,23015702018060004,rc_clacul,otros permanentes,454.545454545455,0.1,producto_sin_precio_en_insumo_investigador,45.4545454545455
adnac2022,valor_ad,23015702018060006,rc_clacul,otros permanentes,136.363636363636,0.1,producto_sin_precio_en_insumo_investigador,13.6363636363636
adnac2022,valor_ad,23015561000992354,rc_clacul,otros permanentes,45.4545454545455,0.1,producto_sin_precio_en_insumo_investigador,4.54545454545455
cpnac2022,valor_cp,01045001241850002,rc_clacul,plantas medicinales,,0.1,producto_sin_precio_en_insumo_investigador,
cpnac2022,valor_cp,09105003012520023,rc_clacul,otros permanentes,3636.36363636364,0.1,producto_sin_precio_en_insumo_investigador,363.636363636364
cpnac2022,valor_cp,11015204000550073,rc_clacul,plantas medicinales,,0.1,producto_sin_precio_en_insumo_investigador,
cpnac2022,valor_cp,11015204000550094,rc_clacul,plantas medicinales,,0.1,producto_sin_precio_en_insumo_investigador,
cpnac2022,valor_cp,11015204000550095,rc_clacul,plantas medicinales,,0.1,producto_sin_precio_en_insumo_investigador,
cpnac2022,valor_cp,13145002153500002,rc_clacul,otros permanentes,68.1818181818182,0.1,producto_sin_precio_en_insumo_investigador,6.81818181818182
cpnac2022,valor_cp,14065001046990001,rc_clacul,otros permanentes,1090.90909090909,0.1,producto_sin_precio_en_insumo_investigador,109.090909090909
cpnac2022,valor_cp,14075102001970008,rc_clacul,otros permanentes,,0.1,producto_sin_precio_en_insumo_investigador,
cpnac2022,valor_cp,14075103002850001,rc_clacul,otros permanentes,654.545454545455,0.1,producto_sin_precio_en_insumo_investigador,65.4545454545455
cpnac2022,valor_cp,14095403012550002,rc_clacul,plantas medicinales,,0.1,producto_sin_precio_en_insumo_investigador,
cpnac2022,valor_cp,17025201121370005,rc_clacul,otros permanentes,,0.1,producto_sin_precio_en_insumo_investigador,
cpnac2022,valor_cp,17016301136270018,rc_clacul,otros permanentes,54.5454545454545,0.1,producto_sin_precio_en_insumo_investigador,5.45454545454545
cpnac2022,valor_cp,17018501183680001,rc_clacul,otros permanentes,2045.45454545455,0.1,producto_sin_precio_en_insumo_investigador,204.545454545455
cpnac2022,valor_cp,17018501183680001,rc_clacul,otros permanentes,2863.63636363636,0.1,producto_sin_precio_en_insumo_investigador,286.363636363636
cpnac2022,valor_cp,17018501183680001,rc_clacul,otros permanentes,,0.1,producto_sin_precio_en_insumo_investigador,
cpnac2022,valor_cp,17018501183680001,rc_clacul,otros permanentes,,0.1,producto_sin_precio_en_insumo_investigador,
cpnac2022,valor_cp,18095101066880014,rc_clacul,plantas medicinales,,0.1,producto_sin_precio_en_insumo_investigador,
cpnac2022,valor_cp,19015301013460003,rc_clacul,plantas medicinales,,0.1,producto_sin_precio_en_insumo_investigador,
ctnac2022,valor_ct,05015453000992285,rc_clacul,otros transitorios,40000,0.1,producto_sin_precio_en_insumo_investigador,4000
ctnac2022,valor_ct,05015453000992285,rc_clacul,otros transitorios,40000,0.1,producto_sin_precio_en_insumo_investigador,4000
ctnac2022,valor_ct,05015453000992288,rc_clacul,otros transitorios,43427.2727272727,0.1,producto_sin_precio_en_insumo_investigador,4342.72727272727
ctnac2022,valor_ct,05015453000992288,rc_clacul,otros transitorios,43427.2727272727,0.1,producto_sin_precio_en_insumo_investigador,4342.72727272727
ctnac2022,valor_ct,05015453000992288,rc_clacul,otros transitorios,43427.2727272727,0.1,producto_sin_precio_en_insumo_investigador,4342.72727272727
ctnac2022,valor_ct,05015453000992288,rc_clacul,otros transitorios,43427.2727272727,0.1,producto_sin_precio_en_insumo_investigador,4342.72727272727
ctnac2022,valor_ct,05015453000994132,rc_clacul,otros transitorios,135975,0.1,producto_sin_precio_en_insumo_investigador,13597.5
ctnac2022,valor_ct,05015453000994132,rc_clacul,otros transitorios,135975,0.1,producto_sin_precio_en_insumo_investigador,13597.5
ctnac2022,valor_ct,05016161000992488,rc_clacul,otros transitorios,127272.727272727,0.1,producto_sin_precio_en_insumo_investigador,12727.2727272727
ctnac2022,valor_ct,05016161000992488,rc_clacul,otros transitorios,127272.727272727,0.1,producto_sin_precio_en_insumo_investigador,12727.2727272727
ctnac2022,valor_ct,05016161000992488,rc_clacul,otros transitorios,127272.727272727,0.1,producto_sin_precio_en_insumo_investigador,12727.2727272727
ctnac2022,valor_ct,06015201040280016,rc_clacul,plantas medicinales,,0.1,producto_sin_precio_en_insumo_investigador,
ctnac2022,valor_ct,06015201040280016,rc_clacul,plantas medicinales,,0.1,producto_sin_precio_en_insumo_investigador,
ctnac2022,valor_ct,06015201040280017,rc_clacul,plantas medicinales,,0.1,producto_sin_precio_en_insumo_investigador,
ctnac2022,valor_ct,06035001042670032,rc_clacul,plantas medicinales,,0.1,producto_sin_precio_en_insumo_investigador,
ctnac2022,valor_ct,06035001042670034,rc_clacul,plantas medicinales,,0.1,producto_sin_precio_en_insumo_investigador,
ctnac2022,valor_ct,06035001042670035,rc_clacul,plantas medicinales,,0.1,producto_sin_precio_en_insumo_investigador,
ctnac2022,valor_ct,06035001045430001,rc_clacul,plantas medicinales,,0.1,producto_sin_precio_en_insumo_investigador,
ctnac2022,valor_ct,06035001045430004,rc_clacul,plantas medicinales,,0.1,producto_sin_precio_en_insumo_investigador,
ctnac2022,valor_ct,06035001045430014,rc_clacul,plantas medicinales,,0.1,producto_sin_precio_en_insumo_investigador,
ctnac2022,valor_ct,08016302051800016,rc_clacul,plantas medicinales,,0.1,producto_sin_precio_en_insumo_investigador,
ctnac2022,valor_ct,09045002016570015,rc_clacul,otros transitorios,181.818181818182,0.1,producto_sin_precio_en_insumo_investigador,18.1818181818182
ctnac2022,valor_ct,09045002028190001,rc_clacul,árboles forestales,,0.1,producto_sin_precio_en_insumo_investigador,
ctnac2022,valor_ct,09045002034450006,rc_clacul,otros transitorios,3927.27272727273,0.1,producto_sin_precio_en_insumo_investigador,392.727272727273
ctnac2022,valor_ct,09085002015840002,rc_clacul,otros transitorios,327.272727272727,0.1,producto_sin_precio_en_insumo_investigador,32.7272727272727
ctnac2022,valor_ct,09085002015840002,rc_clacul,otros transitorios,324.545454545455,0.1,producto_sin_precio_en_insumo_investigador,32.4545454545455
ctnac2022,valor_ct,09085002015840002,rc_clacul,otros transitorios,330,0.1,producto_sin_precio_en_insumo_investigador,33
ctnac2022,valor_ct,09085002015840002,rc_clacul,otros transitorios,323.181818181818,0.1,producto_sin_precio_en_insumo_investigador,32.3181818181818
ctnac2022,valor_ct,09085002015840006,rc_clacul,otros transitorios,4545.45454545455,0.1,producto_sin_precio_en_insumo_investigador,454.545454545455
ctnac2022,valor_ct,09085002015840006,rc_clacul,otros transitorios,509.090909090909,0.1,producto_sin_precio_en_insumo_investigador,50.9090909090909
ctnac2022,valor_ct,09085002015840006,rc_clacul,otros transitorios,545.454545454545,0.1,producto_sin_precio_en_insumo_investigador,54.5454545454545
ctnac2022,valor_ct,09095002100990008,rc_clacul,árboles forestales,,0.1,producto_sin_precio_en_insumo_investigador,
ctnac2022,valor_ct,09145002053230008,rc_clacul,plantas medicinales,,0.1,producto_sin_precio_en_insumo_investigador,
ctnac2022,valor_ct,10035601109350008,rc_clacul,plantas medicinales,,0.1,producto_sin_precio_en_insumo_investigador,
ctnac2022,valor_ct,11015101056300002,rc_clacul,otros transitorios,159.090909090909,0.1,producto_sin_precio_en_insumo_investigador,15.9090909090909
ctnac2022,valor_ct,11015204000550073,rc_clacul,plantas medicinales,,0.1,producto_sin_precio_en_insumo_investigador,
ctnac2022,valor_ct,11015204000550081,rc_clacul,plantas medicinales,,0.1,producto_sin_precio_en_insumo_investigador,
ctnac2022,valor_ct,11035001104170005,rc_clacul,otros transitorios,4545.45454545455,0.1,producto_sin_precio_en_insumo_investigador,454.545454545455
ctnac2022,valor_ct,11035001104170005,rc_clacul,otros transitorios,4090.90909090909,0.1,producto_sin_precio_en_insumo_investigador,409.090909090909
ctnac2022,valor_ct,12115054000992240,rc_clacul,otros transitorios,,0.1,producto_sin_precio_en_insumo_investigador,
ctnac2022,valor_ct,12115060000990089,rc_clacul,otros transitorios,,0.1,producto_sin_precio_en_insumo_investigador,
ctnac2022,valor_ct,13155202184610027,rc_clacul,otros transitorios,181.818181818182,0.1,producto_sin_precio_en_insumo_investigador,18.1818181818182
ctnac2022,valor_ct,15015064000991811,rc_clacul,otros forrajes,,0.1,producto_sin_precio_en_insumo_investigador,
ctnac2022,valor_ct,15035201032630001,rc_clacul,plantas medicinales,,0.1,producto_sin_precio_en_insumo_investigador,
ctnac2022,valor_ct,17015963000993522,rc_clacul,otros transitorios,1200,0.1,producto_sin_precio_en_insumo_investigador,120
ctnac2022,valor_ct,17015963000993522,rc_clacul,otros transitorios,720,0.1,producto_sin_precio_en_insumo_investigador,72
ctnac2022,valor_ct,17015963000993522,rc_clacul,otros transitorios,450,0.1,producto_sin_precio_en_insumo_investigador,45
ctnac2022,valor_ct,17017163000993669,rc_clacul,otros transitorios,600,0.1,producto_sin_precio_en_insumo_investigador,60
ctnac2022,valor_ct,17017201012670002,rc_clacul,árboles forestales,,0.1,producto_sin_precio_en_insumo_investigador,
ctnac2022,valor_ct,17018003002640001,rc_clacul,otros transitorios,27.45,0.1,producto_sin_precio_en_insumo_investigador,2.745
ctnac2022,valor_ct,17018003002640001,rc_clacul,otros transitorios,93.5795454545454,0.1,producto_sin_precio_en_insumo_investigador,9.35795454545454
ctnac2022,valor_ct,17018003002640001,rc_clacul,otros transitorios,24.5454545454545,0.1,producto_sin_precio_en_insumo_investigador,2.45454545454545
ctnac2022,valor_ct,17018003002640001,rc_clacul,otros transitorios,19.7045454545455,0.1,producto_sin_precio_en_insumo_investigador,1.97045454545455
ctnac2022,valor_ct,17018003002640001,rc_clacul,otros transitorios,56.4545454545455,0.1,producto_sin_precio_en_insumo_investigador,5.64545454545455
ctnac2022,valor_ct,17018003002640001,rc_clacul,otros transitorios,42.6,0.1,producto_sin_precio_en_insumo_investigador,4.26
ctnac2022,valor_ct,17018003002640001,rc_clacul,otros transitorios,85.2,0.1,producto_sin_precio_en_insumo_investigador,8.52
ctnac2022,valor_ct,17035704001660001,rc_clacul,otros forrajes,,0.1,producto_sin_precio_en_insumo_investigador,
ctnac2022,valor_ct,17035704001660001,rc_clacul,otros forrajes,,0.1,producto_sin_precio_en_insumo_investigador,
ctnac2022,valor_ct,17035704001660001,rc_clacul,otros forrajes,,0.1,producto_sin_precio_en_insumo_investigador,
ctnac2022,valor_ct,17035704001660001,rc_clacul,otros forrajes,,0.1,producto_sin_precio_en_insumo_investigador,
ctnac2022,valor_ct,17045063000993858,rc_clacul,otros transitorios,9090.90909090909,0.1,producto_sin_precio_en_insumo_investigador,909.090909090909
ctnac2022,valor_ct,17045063000993858,rc_clacul,otros transitorios,9090.90909090909,0.1,producto_sin_precio_en_insumo_investigador,909.090909090909
ctnac2022,valor_ct,17045063000993858,rc_clacul,otros transitorios,9090.90909090909,0.1,producto_sin_precio_en_insumo_investigador,909.090909090909
ctnac2022,valor_ct,17045063000993858,rc_clacul,otros transitorios,9090.90909090909,0.1,producto_sin_precio_en_insumo_investigador,909.090909090909
ctnac2022,valor_ct,18075401029400010,rc_clacul,plantas medicinales,,0.1,producto_sin_precio_en_insumo_investigador,
ctnac2022,valor_ct,18075401029400012,rc_clacul,plantas medicinales,,0.1,producto_sin_precio_en_insumo_investigador,
ctnac2022,valor_ct,23015302016110002,rc_clacul,árboles forestales,,0.1,producto_sin_precio_en_insumo_investigador,
ctnac2022,valor_ct,23015302016110003,rc_clacul,árboles forestales,,0.1,producto_sin_precio_en_insumo_investigador,
ctnac2022,valor_ct,23015702018060001,rc_clacul,árboles forestales,,0.1,producto_sin_precio_en_insumo_investigador,
pcnac2022,valor_pc,01015701032570001,rc_clacul,otros pastos cultivados,2500,0.1,producto_sin_precio_en_insumo_investigador,250
pcnac2022,valor_pc,01015754000994062,rc_clacul,otros pastos cultivados,197500,0.1,producto_sin_precio_en_insumo_investigador,19750
pcnac2022,valor_pc,01025101229030004,rc_clacul,otros pastos cultivados,500,0.1,producto_sin_precio_en_insumo_investigador,50
pcnac2022,valor_pc,01035701100530002,rc_clacul,gramalote,600,0.1,producto_sin_precio_en_insumo_investigador,60
pcnac2022,valor_pc,01055401065080004,rc_clacul,otros pastos cultivados,3750,0.1,producto_sin_precio_en_insumo_investigador,375
pcnac2022,valor_pc,01055401065080004,rc_clacul,otros pastos cultivados,5300,0.1,producto_sin_precio_en_insumo_investigador,530
pcnac2022,valor_pc,01055401065080046,rc_clacul,otros pastos cultivados,150,0.1,producto_sin_precio_en_insumo_investigador,15
pcnac2022,valor_pc,01065001235210001,rc_clacul,otros pastos cultivados,10000,0.1,producto_sin_precio_en_insumo_investigador,1000
pcnac2022,valor_pc,01065001243430001,rc_clacul,otros pastos cultivados,2500,0.1,producto_sin_precio_en_insumo_investigador,250
pcnac2022,valor_pc,01065001249510002,rc_clacul,gramalote,6400,0.1,producto_sin_precio_en_insumo_investigador,640
pcnac2022,valor_pc,01065001251900001,rc_clacul,gramalote,6400,0.1,producto_sin_precio_en_insumo_investigador,640
pcnac2022,valor_pc,01065064000991184,rc_clacul,otros pastos cultivados,12500,0.1,producto_sin_precio_en_insumo_investigador,1250
pcnac2022,valor_pc,01085101226440008,rc_clacul,otros pastos cultivados,1500,0.1,producto_sin_precio_en_insumo_investigador,150
pcnac2022,valor_pc,01085101226440008,rc_clacul,otros pastos cultivados,3000,0.1,producto_sin_precio_en_insumo_investigador,300
pcnac2022,valor_pc,01085101226440008,rc_clacul,otros pastos cultivados,350,0.1,producto_sin_precio_en_insumo_investigador,35
pcnac2022,valor_pc,01085101226440008,rc_clacul,otros pastos cultivados,2000,0.1,producto_sin_precio_en_insumo_investigador,200
pcnac2022,valor_pc,01085101234660001,rc_clacul,otros pastos cultivados,7300,0.1,producto_sin_precio_en_insumo_investigador,730
pcnac2022,valor_pc,01085101234660010,rc_clacul,otros pastos cultivados,7500,0.1,producto_sin_precio_en_insumo_investigador,750
pcnac2022,valor_pc,01085201099270003,rc_clacul,gramalote,50000,0.1,producto_sin_precio_en_insumo_investigador,5000
pcnac2022,valor_pc,01085203004880011,rc_clacul,otros pastos cultivados,500,0.1,producto_sin_precio_en_insumo_investigador,50
pcnac2022,valor_pc,01085203004880012,rc_clacul,otros pastos cultivados,2250,0.1,producto_sin_precio_en_insumo_investigador,225
pcnac2022,valor_pc,01085203004880017,rc_clacul,otros pastos cultivados,7500,0.1,producto_sin_precio_en_insumo_investigador,750
pcnac2022,valor_pc,01085203004880022,rc_clacul,otros pastos cultivados,12500,0.1,producto_sin_precio_en_insumo_investigador,1250
pcnac2022,valor_pc,01085203004880023,rc_clacul,otros pastos cultivados,750,0.1,producto_sin_precio_en_insumo_investigador,75
pcnac2022,valor_pc,01085203004880031,rc_clacul,otros pastos cultivados,150,0.1,producto_sin_precio_en_insumo_investigador,15
pcnac2022,valor_pc,01115201097670003,rc_clacul,gramalote,500,0.1,producto_sin_precio_en_insumo_investigador,50
pcnac2022,valor_pc,02015001062610004,rc_clacul,otros pastos cultivados,2646,0.1,producto_sin_precio_en_insumo_investigador,264.6
pcnac2022,valor_pc,02015001062610009,rc_clacul,otros pastos cultivados,4233.5,0.1,producto_sin_precio_en_insumo_investigador,423.35
pcnac2022,valor_pc,02015001062610009,rc_clacul,otros pastos cultivados,2999,0.1,producto_sin_precio_en_insumo_investigador,299.9
pcnac2022,valor_pc,02015301074880001,rc_clacul,gramalote,13406.5,0.1,producto_sin_precio_en_insumo_investigador,1340.65
pcnac2022,valor_pc,02015301076270004,rc_clacul,otros pastos cultivados,3528,0.1,producto_sin_precio_en_insumo_investigador,352.8
pcnac2022,valor_pc,02015301076270004,rc_clacul,otros pastos cultivados,1764,0.1,producto_sin_precio_en_insumo_investigador,176.4
pcnac2022,valor_pc,02015301076270004,rc_clacul,otros pastos cultivados,705.5,0.1,producto_sin_precio_en_insumo_investigador,70.55
pcnac2022,valor_pc,02015304000230004,rc_clacul,otros pastos cultivados,8820,0.1,producto_sin_precio_en_insumo_investigador,882
pcnac2022,valor_pc,02015304000230004,rc_clacul,otros pastos cultivados,22932,0.1,producto_sin_precio_en_insumo_investigador,2293.2
pcnac2022,valor_pc,02015501023790001,rc_clacul,otros pastos cultivados,40000,0.1,producto_sin_precio_en_insumo_investigador,4000
pcnac2022,valor_pc,02015501024330001,rc_clacul,otros pastos cultivados,70560,0.1,producto_sin_precio_en_insumo_investigador,7056
pcnac2022,valor_pc,02015501036340001,rc_clacul,otros pastos cultivados,52920,0.1,producto_sin_precio_en_insumo_investigador,5292
pcnac2022,valor_pc,02015501039100002,rc_clacul,otros pastos cultivados,35280,0.1,producto_sin_precio_en_insumo_investigador,3528
pcnac2022,valor_pc,02015501039100003,rc_clacul,otros pastos cultivados,52920,0.1,producto_sin_precio_en_insumo_investigador,5292
pcnac2022,valor_pc,02015501039120002,rc_clacul,otros pastos cultivados,13750,0.1,producto_sin_precio_en_insumo_investigador,1375
pcnac2022,valor_pc,02015501039120003,rc_clacul,otros pastos cultivados,49900,0.1,producto_sin_precio_en_insumo_investigador,4990
pcnac2022,valor_pc,02015501039120004,rc_clacul,otros pastos cultivados,14112,0.1,producto_sin_precio_en_insumo_investigador,1411.2
pcnac2022,valor_pc,02015501051890001,rc_clacul,otros pastos cultivados,75000,0.1,producto_sin_precio_en_insumo_investigador,7500
pcnac2022,valor_pc,02015901026490008,rc_clacul,otros pastos cultivados,1250,0.1,producto_sin_precio_en_insumo_investigador,125
pcnac2022,valor_pc,02016003000720006,rc_clacul,otros pastos cultivados,10584,0.1,producto_sin_precio_en_insumo_investigador,1058.4
pcnac2022,valor_pc,02045001040830003,rc_clacul,otros pastos cultivados,66926,0.1,producto_sin_precio_en_insumo_investigador,6692.6
pcnac2022,valor_pc,03035101008050001,rc_clacul,otros pastos cultivados,15000,0.1,producto_sin_precio_en_insumo_investigador,1500
pcnac2022,valor_pc,03035101011300001,rc_clacul,gramalote,20000,0.1,producto_sin_precio_en_insumo_investigador,2000
pcnac2022,valor_pc,03035301003220001,rc_clacul,otros pastos cultivados,60000,0.1,producto_sin_precio_en_insumo_investigador,6000
pcnac2022,valor_pc,03035301003220001,rc_clacul,otros pastos cultivados,40000,0.1,producto_sin_precio_en_insumo_investigador,4000
pcnac2022,valor_pc,03035301004000001,rc_clacul,otros pastos cultivados,6250,0.1,producto_sin_precio_en_insumo_investigador,625
pcnac2022,valor_pc,03035301004000001,rc_clacul,otros pastos cultivados,10000,0.1,producto_sin_precio_en_insumo_investigador,1000
pcnac2022,valor_pc,03035301004000004,rc_clacul,otros pastos cultivados,20000,0.1,producto_sin_precio_en_insumo_investigador,2000
pcnac2022,valor_pc,03035301004000005,rc_clacul,otros pastos cultivados,2800,0.1,producto_sin_precio_en_insumo_investigador,280
pcnac2022,valor_pc,03035301004380001,rc_clacul,otros pastos cultivados,39700,0.1,producto_sin_precio_en_insumo_investigador,3970
pcnac2022,valor_pc,03035301004550001,rc_clacul,otros pastos cultivados,7000,0.1,producto_sin_precio_en_insumo_investigador,700
pcnac2022,valor_pc,03035301004550002,rc_clacul,otros pastos cultivados,4000,0.1,producto_sin_precio_en_insumo_investigador,400
pcnac2022,valor_pc,03035301004550002,rc_clacul,otros pastos cultivados,2500,0.1,producto_sin_precio_en_insumo_investigador,250
pcnac2022,valor_pc,03035301004550002,rc_clacul,otros pastos cultivados,6000,0.1,producto_sin_precio_en_insumo_investigador,600
pcnac2022,valor_pc,03035301004550003,rc_clacul,otros pastos cultivados,4000,0.1,producto_sin_precio_en_insumo_investigador,400
pcnac2022,valor_pc,03036201002740002,rc_clacul,otros pastos cultivados,50000,0.1,producto_sin_precio_en_insumo_investigador,5000
pcnac2022,valor_pc,03045001035390001,rc_clacul,gramalote,55000,0.1,producto_sin_precio_en_insumo_investigador,5500
pcnac2022,valor_pc,03045001037080005,rc_clacul,gramalote,52500,0.1,producto_sin_precio_en_insumo_investigador,5250
pcnac2022,valor_pc,03045001037080005,rc_clacul,gramalote,2500,0.1,producto_sin_precio_en_insumo_investigador,250
pcnac2022,valor_pc,04015601001850002,rc_clacul,gramalote,40000,0.1,producto_sin_precio_en_insumo_investigador,4000
pcnac2022,valor_pc,04015601001850002,rc_clacul,gramalote,15000,0.1,producto_sin_precio_en_insumo_investigador,1500
pcnac2022,valor_pc,04015601001850002,rc_clacul,gramalote,245000,0.1,producto_sin_precio_en_insumo_investigador,24500
pcnac2022,valor_pc,04015601001850003,rc_clacul,gramalote,350000,0.1,producto_sin_precio_en_insumo_investigador,35000
pcnac2022,valor_pc,04015601001850003,rc_clacul,gramalote,150000,0.1,producto_sin_precio_en_insumo_investigador,15000
pcnac2022,valor_pc,04015601002440001,rc_clacul,gramalote,185000,0.1,producto_sin_precio_en_insumo_investigador,18500
pcnac2022,valor_pc,04015601002440001,rc_clacul,gramalote,15000,0.1,producto_sin_precio_en_insumo_investigador,1500
pcnac2022,valor_pc,04015601003120002,rc_clacul,micay,45000,0.1,producto_sin_precio_en_insumo_investigador,4500
pcnac2022,valor_pc,04015601003820001,rc_clacul,micay,15000,0.1,producto_sin_precio_en_insumo_investigador,1500
pcnac2022,valor_pc,04015601003820001,rc_clacul,micay,185000,0.1,producto_sin_precio_en_insumo_investigador,18500
pcnac2022,valor_pc,04015603000380003,rc_clacul,gramalote,150000,0.1,producto_sin_precio_en_insumo_investigador,15000
pcnac2022,valor_pc,04015903000630004,rc_clacul,gramalote,50000,0.1,producto_sin_precio_en_insumo_investigador,5000
pcnac2022,valor_pc,04035104000380001,rc_clacul,micay,1e+05,0.1,producto_sin_precio_en_insumo_investigador,10000
pcnac2022,valor_pc,04035201023410006,rc_clacul,otros pastos cultivados,10000,0.1,producto_sin_precio_en_insumo_investigador,1000
pcnac2022,valor_pc,04035201030730004,rc_clacul,otros pastos cultivados,2500,0.1,producto_sin_precio_en_insumo_investigador,250
pcnac2022,valor_pc,04035201033990004,rc_clacul,otros pastos cultivados,10000,0.1,producto_sin_precio_en_insumo_investigador,1000
pcnac2022,valor_pc,04045201004410001,rc_clacul,gramalote,20000,0.1,producto_sin_precio_en_insumo_investigador,2000
pcnac2022,valor_pc,04045201006640001,rc_clacul,gramalote,125000,0.1,producto_sin_precio_en_insumo_investigador,12500
pcnac2022,valor_pc,04045201006640002,rc_clacul,gramalote,2e+05,0.1,producto_sin_precio_en_insumo_investigador,20000
pcnac2022,valor_pc,04045201006640002,rc_clacul,micay,50000,0.1,producto_sin_precio_en_insumo_investigador,5000
pcnac2022,valor_pc,04045201006730001,rc_clacul,gramalote,125000,0.1,producto_sin_precio_en_insumo_investigador,12500
pcnac2022,valor_pc,04045204000290001,rc_clacul,gramalote,175000,0.1,producto_sin_precio_en_insumo_investigador,17500
pcnac2022,valor_pc,04045204000290002,rc_clacul,gramalote,25000,0.1,producto_sin_precio_en_insumo_investigador,2500
pcnac2022,valor_pc,04045204000290004,rc_clacul,gramalote,225000,0.1,producto_sin_precio_en_insumo_investigador,22500
pcnac2022,valor_pc,04045362000990332,rc_clacul,otros pastos cultivados,175000,0.1,producto_sin_precio_en_insumo_investigador,17500
pcnac2022,valor_pc,04045362000990332,rc_clacul,otros pastos cultivados,50000,0.1,producto_sin_precio_en_insumo_investigador,5000
pcnac2022,valor_pc,04065001052830003,rc_clacul,otros pastos cultivados,14950,0.1,producto_sin_precio_en_insumo_investigador,1495
pcnac2022,valor_pc,04065001052830005,rc_clacul,otros pastos cultivados,25000,0.1,producto_sin_precio_en_insumo_investigador,2500
pcnac2022,valor_pc,04065001052840002,rc_clacul,otros pastos cultivados,14950,0.1,producto_sin_precio_en_insumo_investigador,1495
pcnac2022,valor_pc,04065001052840003,rc_clacul,otros pastos cultivados,25000,0.1,producto_sin_precio_en_insumo_investigador,2500
pcnac2022,valor_pc,05025002001110001,rc_clacul,otros pastos cultivados,40000,0.1,producto_sin_precio_en_insumo_investigador,4000
pcnac2022,valor_pc,05025052000990232,rc_clacul,otros pastos cultivados,40000,0.1,producto_sin_precio_en_insumo_investigador,4000
pcnac2022,valor_pc,06025501119350001,rc_clacul,otros pastos cultivados,1000,0.1,producto_sin_precio_en_insumo_investigador,100
pcnac2022,valor_pc,06025503006040002,rc_clacul,gramalote,10000,0.1,producto_sin_precio_en_insumo_investigador,1000
pcnac2022,valor_pc,06025564000991699,rc_clacul,otros pastos cultivados,10000,0.1,producto_sin_precio_en_insumo_investigador,1000
pcnac2022,valor_pc,06055101164810038,rc_clacul,gramalote,6250,0.1,producto_sin_precio_en_insumo_investigador,625
pcnac2022,valor_pc,06085001103800014,rc_clacul,gramalote,1500,0.1,producto_sin_precio_en_insumo_investigador,150
pcnac2022,valor_pc,06085001109880002,rc_clacul,otros pastos cultivados,9350,0.1,producto_sin_precio_en_insumo_investigador,935
pcnac2022,valor_pc,06085001109880002,rc_clacul,otros pastos cultivados,1150,0.1,producto_sin_precio_en_insumo_investigador,115
pcnac2022,valor_pc,06085064000991701,rc_clacul,otros pastos cultivados,2000,0.1,producto_sin_precio_en_insumo_investigador,200
pcnac2022,valor_pc,06105001128960001,rc_clacul,otros pastos cultivados,7500,0.1,producto_sin_precio_en_insumo_investigador,750
pcnac2022,valor_pc,06105002000100002,rc_clacul,otros pastos cultivados,2e+05,0.1,producto_sin_precio_en_insumo_investigador,20000
pcnac2022,valor_pc,06105002000100002,rc_clacul,otros pastos cultivados,6000,0.1,producto_sin_precio_en_insumo_investigador,600
pcnac2022,valor_pc,06105002000430005,rc_clacul,otros pastos cultivados,15000,0.1,producto_sin_precio_en_insumo_investigador,1500
pcnac2022,valor_pc,06105003006790001,rc_clacul,otros pastos cultivados,22500,0.1,producto_sin_precio_en_insumo_investigador,2250
pcnac2022,valor_pc,06105003006790001,rc_clacul,otros pastos cultivados,25000,0.1,producto_sin_precio_en_insumo_investigador,2500
pcnac2022,valor_pc,06105003006790002,rc_clacul,otros pastos cultivados,10000,0.1,producto_sin_precio_en_insumo_investigador,1000
pcnac2022,valor_pc,06105003006790004,rc_clacul,otros pastos cultivados,5000,0.1,producto_sin_precio_en_insumo_investigador,500
pcnac2022,valor_pc,06105064000991716,rc_clacul,otros pastos cultivados,2e+05,0.1,producto_sin_precio_en_insumo_investigador,20000
pcnac2022,valor_pc,06105064000991716,rc_clacul,otros pastos cultivados,6000,0.1,producto_sin_precio_en_insumo_investigador,600
pcnac2022,valor_pc,06105064000991717,rc_clacul,otros pastos cultivados,11000,0.1,producto_sin_precio_en_insumo_investigador,1100
pcnac2022,valor_pc,06105064000994199,rc_clacul,gramalote,10000,0.1,producto_sin_precio_en_insumo_investigador,1000
pcnac2022,valor_pc,06105064000994214,rc_clacul,otros pastos cultivados,2e+05,0.1,producto_sin_precio_en_insumo_investigador,20000
pcnac2022,valor_pc,06105064000994214,rc_clacul,otros pastos cultivados,6000,0.1,producto_sin_precio_en_insumo_investigador,600
pcnac2022,valor_pc,07015261000993074,rc_clacul,otros pastos cultivados,250000,0.1,producto_sin_precio_en_insumo_investigador,25000
pcnac2022,valor_pc,07025461000992520,rc_clacul,otros pastos cultivados,6e+05,0.1,producto_sin_precio_en_insumo_investigador,60000
pcnac2022,valor_pc,07065061000992505,rc_clacul,otros pastos cultivados,1500000,0.1,producto_sin_precio_en_insumo_investigador,150000
pcnac2022,valor_pc,07065161000992457,rc_clacul,otros pastos cultivados,3e+05,0.1,producto_sin_precio_en_insumo_investigador,30000
pcnac2022,valor_pc,07125161000992339,rc_clacul,otros pastos cultivados,70000,0.1,producto_sin_precio_en_insumo_investigador,7000
pcnac2022,valor_pc,07125161000992339,rc_clacul,otros pastos cultivados,35000,0.1,producto_sin_precio_en_insumo_investigador,3500
pcnac2022,valor_pc,07125602013550003,rc_clacul,otros pastos cultivados,675000,0.1,producto_sin_precio_en_insumo_investigador,67500
pcnac2022,valor_pc,07125602014180001,rc_clacul,otros pastos cultivados,1442800,0.1,producto_sin_precio_en_insumo_investigador,144280
pcnac2022,valor_pc,07125602014180001,rc_clacul,otros pastos cultivados,675000,0.1,producto_sin_precio_en_insumo_investigador,67500
pcnac2022,valor_pc,07125602014180001,rc_clacul,otros pastos cultivados,450000,0.1,producto_sin_precio_en_insumo_investigador,45000
pcnac2022,valor_pc,07125661000992322,rc_clacul,otros pastos cultivados,1442800,0.1,producto_sin_precio_en_insumo_investigador,144280
pcnac2022,valor_pc,07125661000992322,rc_clacul,otros pastos cultivados,675000,0.1,producto_sin_precio_en_insumo_investigador,67500
pcnac2022,valor_pc,07125661000992322,rc_clacul,otros pastos cultivados,450000,0.1,producto_sin_precio_en_insumo_investigador,45000
pcnac2022,valor_pc,08015261000992674,rc_clacul,otros pastos cultivados,35000,0.1,producto_sin_precio_en_insumo_investigador,3500
pcnac2022,valor_pc,08015302092430001,rc_clacul,otros pastos cultivados,10000,0.1,producto_sin_precio_en_insumo_investigador,1000
pcnac2022,valor_pc,08016302051800003,rc_clacul,gramalote,7500,0.1,producto_sin_precio_en_insumo_investigador,750
pcnac2022,valor_pc,08035002092980002,rc_clacul,otros pastos cultivados,32250,0.1,producto_sin_precio_en_insumo_investigador,3225
pcnac2022,valor_pc,08035203015180033,rc_clacul,otros pastos cultivados,80000,0.1,producto_sin_precio_en_insumo_investigador,8000
pcnac2022,valor_pc,08035203015180033,rc_clacul,otros pastos cultivados,30000,0.1,producto_sin_precio_en_insumo_investigador,3000
pcnac2022,valor_pc,08035561000993273,rc_clacul,otros pastos cultivados,1750000,0.1,producto_sin_precio_en_insumo_investigador,175000
pcnac2022,valor_pc,08035761000992404,rc_clacul,otros pastos cultivados,3e+05,0.1,producto_sin_precio_en_insumo_investigador,30000
pcnac2022,valor_pc,08035803016130019,rc_clacul,otros pastos cultivados,11250,0.1,producto_sin_precio_en_insumo_investigador,1125
pcnac2022,valor_pc,08045002147130003,rc_clacul,gramalote,240500,0.1,producto_sin_precio_en_insumo_investigador,24050
pcnac2022,valor_pc,08045161000992755,rc_clacul,otros pastos cultivados,610000,0.1,producto_sin_precio_en_insumo_investigador,61000
pcnac2022,valor_pc,08045301008080001,rc_clacul,gramalote,75000,0.1,producto_sin_precio_en_insumo_investigador,7500
pcnac2022,valor_pc,08045301008090001,rc_clacul,gramalote,75000,0.1,producto_sin_precio_en_insumo_investigador,7500
pcnac2022,valor_pc,08045301016060001,rc_clacul,gramalote,50000,0.1,producto_sin_precio_en_insumo_investigador,5000
pcnac2022,valor_pc,08045302124140002,rc_clacul,otros pastos cultivados,25000,0.1,producto_sin_precio_en_insumo_investigador,2500
pcnac2022,valor_pc,08045302133000007,rc_clacul,gramalote,150000,0.1,producto_sin_precio_en_insumo_investigador,15000
pcnac2022,valor_pc,08045361000992526,rc_clacul,otros pastos cultivados,1e+05,0.1,producto_sin_precio_en_insumo_investigador,10000
pcnac2022,valor_pc,08045560000990121,rc_clacul,otros pastos cultivados,5e+05,0.1,producto_sin_precio_en_insumo_investigador,50000
pcnac2022,valor_pc,08045561000993086,rc_clacul,otros pastos cultivados,15000,0.1,producto_sin_precio_en_insumo_investigador,1500
pcnac2022,valor_pc,08055061000992891,rc_clacul,otros pastos cultivados,509750,0.1,producto_sin_precio_en_insumo_investigador,50975
pcnac2022,valor_pc,08055101003490001,rc_clacul,gramalote,5e+05,0.1,producto_sin_precio_en_insumo_investigador,50000
pcnac2022,valor_pc,08055103008150001,rc_clacul,otros pastos cultivados,1e+06,0.1,producto_sin_precio_en_insumo_investigador,1e+05
pcnac2022,valor_pc,08055103008300001,rc_clacul,gramalote,3e+05,0.1,producto_sin_precio_en_insumo_investigador,30000
pcnac2022,valor_pc,08055103008300001,rc_clacul,otros pastos cultivados,150000,0.1,producto_sin_precio_en_insumo_investigador,15000
pcnac2022,valor_pc,08065161000992538,rc_clacul,otros pastos cultivados,175000,0.1,producto_sin_precio_en_insumo_investigador,17500
pcnac2022,valor_pc,08065361000992389,rc_clacul,otros pastos cultivados,1e+06,0.1,producto_sin_precio_en_insumo_investigador,1e+05
pcnac2022,valor_pc,08065361000993081,rc_clacul,otros pastos cultivados,20000,0.1,producto_sin_precio_en_insumo_investigador,2000
pcnac2022,valor_pc,08065361000993248,rc_clacul,otros pastos cultivados,50000,0.1,producto_sin_precio_en_insumo_investigador,5000
pcnac2022,valor_pc,08065461000993120,rc_clacul,otros pastos cultivados,25000,0.1,producto_sin_precio_en_insumo_investigador,2500
pcnac2022,valor_pc,08075102035370001,rc_clacul,otros pastos cultivados,25000,0.1,producto_sin_precio_en_insumo_investigador,2500
pcnac2022,valor_pc,08075102035370003,rc_clacul,gramalote,75000,0.1,producto_sin_precio_en_insumo_investigador,7500
pcnac2022,valor_pc,08075102052300002,rc_clacul,gramalote,250000,0.1,producto_sin_precio_en_insumo_investigador,25000
pcnac2022,valor_pc,08075161000993199,rc_clacul,otros pastos cultivados,525000,0.1,producto_sin_precio_en_insumo_investigador,52500
pcnac2022,valor_pc,08075202067790004,rc_clacul,otros pastos cultivados,1250,0.1,producto_sin_precio_en_insumo_investigador,125
pcnac2022,valor_pc,08075202067790004,rc_clacul,gramalote,10000,0.1,producto_sin_precio_en_insumo_investigador,1000
pcnac2022,valor_pc,08075304001340002,rc_clacul,otros pastos cultivados,174750,0.1,producto_sin_precio_en_insumo_investigador,17475
pcnac2022,valor_pc,08075361000992799,rc_clacul,otros pastos cultivados,174750,0.1,producto_sin_precio_en_insumo_investigador,17475
pcnac2022,valor_pc,09015003011320002,rc_clacul,otros pastos cultivados,3e+05,0.1,producto_sin_precio_en_insumo_investigador,30000
pcnac2022,valor_pc,09015003011320004,rc_clacul,otros pastos cultivados,165000,0.1,producto_sin_precio_en_insumo_investigador,16500
pcnac2022,valor_pc,09015004001750001,rc_clacul,otros pastos cultivados,50000,0.1,producto_sin_precio_en_insumo_investigador,5000
pcnac2022,valor_pc,09015004002040046,rc_clacul,otros pastos cultivados,10000,0.1,producto_sin_precio_en_insumo_investigador,1000
pcnac2022,valor_pc,09015004002040056,rc_clacul,otros pastos cultivados,17250,0.1,producto_sin_precio_en_insumo_investigador,1725
pcnac2022,valor_pc,09015058000990144,rc_clacul,otros pastos cultivados,10000,0.1,producto_sin_precio_en_insumo_investigador,1000
pcnac2022,valor_pc,09015061000993202,rc_clacul,otros pastos cultivados,404000,0.1,producto_sin_precio_en_insumo_investigador,40400
pcnac2022,valor_pc,09015064000990962,rc_clacul,otros pastos cultivados,404000,0.1,producto_sin_precio_en_insumo_investigador,40400
pcnac2022,valor_pc,09025003008490001,rc_clacul,otros pastos cultivados,27871,0.1,producto_sin_precio_en_insumo_investigador,2787.1
pcnac2022,valor_pc,09035001002670001,rc_clacul,otros pastos cultivados,30000,0.1,producto_sin_precio_en_insumo_investigador,3000
pcnac2022,valor_pc,09035002151100001,rc_clacul,otros pastos cultivados,2828100,0.1,producto_sin_precio_en_insumo_investigador,282810
pcnac2022,valor_pc,09035002151100001,rc_clacul,otros pastos cultivados,1280000,0.1,producto_sin_precio_en_insumo_investigador,128000
pcnac2022,valor_pc,09035054000994055,rc_clacul,otros pastos cultivados,10000,0.1,producto_sin_precio_en_insumo_investigador,1000
pcnac2022,valor_pc,09035061000992299,rc_clacul,otros pastos cultivados,5950000,0.1,producto_sin_precio_en_insumo_investigador,595000
pcnac2022,valor_pc,09035061000992303,rc_clacul,otros pastos cultivados,4500000,0.1,producto_sin_precio_en_insumo_investigador,450000
pcnac2022,valor_pc,09035061000992337,rc_clacul,otros pastos cultivados,3575000,0.1,producto_sin_precio_en_insumo_investigador,357500
pcnac2022,valor_pc,09035061000992350,rc_clacul,otros pastos cultivados,1100000,0.1,producto_sin_precio_en_insumo_investigador,110000
pcnac2022,valor_pc,09035061000992421,rc_clacul,otros pastos cultivados,1290000,0.1,producto_sin_precio_en_insumo_investigador,129000
pcnac2022,valor_pc,09035061000992534,rc_clacul,otros pastos cultivados,4e+05,0.1,producto_sin_precio_en_insumo_investigador,40000
pcnac2022,valor_pc,09035061000992534,rc_clacul,otros pastos cultivados,5000,0.1,producto_sin_precio_en_insumo_investigador,500
pcnac2022,valor_pc,09035061000992534,rc_clacul,otros pastos cultivados,175000,0.1,producto_sin_precio_en_insumo_investigador,17500
pcnac2022,valor_pc,09035061000992860,rc_clacul,gramalote,1e+05,0.1,producto_sin_precio_en_insumo_investigador,10000
pcnac2022,valor_pc,09035061000992928,rc_clacul,otros pastos cultivados,298500,0.1,producto_sin_precio_en_insumo_investigador,29850
pcnac2022,valor_pc,09045002021430001,rc_clacul,gramalote,125000,0.1,producto_sin_precio_en_insumo_investigador,12500
pcnac2022,valor_pc,09045002025170002,rc_clacul,otros pastos cultivados,18650,0.1,producto_sin_precio_en_insumo_investigador,1865
pcnac2022,valor_pc,09045002026050001,rc_clacul,otros pastos cultivados,40000,0.1,producto_sin_precio_en_insumo_investigador,4000
pcnac2022,valor_pc,09045061000992304,rc_clacul,otros pastos cultivados,1500000,0.1,producto_sin_precio_en_insumo_investigador,150000
pcnac2022,valor_pc,09045061000992304,rc_clacul,otros pastos cultivados,250000,0.1,producto_sin_precio_en_insumo_investigador,25000
pcnac2022,valor_pc,09045061000992304,rc_clacul,otros pastos cultivados,50000,0.1,producto_sin_precio_en_insumo_investigador,5000
pcnac2022,valor_pc,09045061000992540,rc_clacul,otros pastos cultivados,20000,0.1,producto_sin_precio_en_insumo_investigador,2000
pcnac2022,valor_pc,09045061000993010,rc_clacul,otros pastos cultivados,53750,0.1,producto_sin_precio_en_insumo_investigador,5375
pcnac2022,valor_pc,09045061000993274,rc_clacul,otros pastos cultivados,424500,0.1,producto_sin_precio_en_insumo_investigador,42450
pcnac2022,valor_pc,09065202067580008,rc_clacul,otros pastos cultivados,7500,0.1,producto_sin_precio_en_insumo_investigador,750
pcnac2022,valor_pc,09065602074490010,rc_clacul,otros pastos cultivados,3528,0.1,producto_sin_precio_en_insumo_investigador,352.8
pcnac2022,valor_pc,09065602074630017,rc_clacul,otros pastos cultivados,1000,0.1,producto_sin_precio_en_insumo_investigador,100
pcnac2022,valor_pc,09075003012980024,rc_clacul,otros pastos cultivados,2500,0.1,producto_sin_precio_en_insumo_investigador,250
pcnac2022,valor_pc,09075003012980036,rc_clacul,gramalote,31250,0.1,producto_sin_precio_en_insumo_investigador,3125
pcnac2022,valor_pc,09085061000992294,rc_clacul,otros pastos cultivados,1118750,0.1,producto_sin_precio_en_insumo_investigador,111875
pcnac2022,valor_pc,09085202013920005,rc_clacul,otros pastos cultivados,165000,0.1,producto_sin_precio_en_insumo_investigador,16500
pcnac2022,valor_pc,09095002115830004,rc_clacul,gramalote,125000,0.1,producto_sin_precio_en_insumo_investigador,12500
pcnac2022,valor_pc,09095061000992433,rc_clacul,otros pastos cultivados,250000,0.1,producto_sin_precio_en_insumo_investigador,25000
pcnac2022,valor_pc,09095061000993216,rc_clacul,otros pastos cultivados,2e+05,0.1,producto_sin_precio_en_insumo_investigador,20000
pcnac2022,valor_pc,09095064000991015,rc_clacul,otros pastos cultivados,214000,0.1,producto_sin_precio_en_insumo_investigador,21400
pcnac2022,valor_pc,09115002143110001,rc_clacul,otros pastos cultivados,1942500,0.1,producto_sin_precio_en_insumo_investigador,194250
pcnac2022,valor_pc,09115002143110001,rc_clacul,otros pastos cultivados,37500,0.1,producto_sin_precio_en_insumo_investigador,3750
pcnac2022,valor_pc,09115002146980010,rc_clacul,otros pastos cultivados,2555100,0.1,producto_sin_precio_en_insumo_investigador,255510
pcnac2022,valor_pc,09115054000992232,rc_clacul,otros pastos cultivados,520250,0.1,producto_sin_precio_en_insumo_investigador,52025
pcnac2022,valor_pc,09115054000992242,rc_clacul,otros pastos cultivados,2555100,0.1,producto_sin_precio_en_insumo_investigador,255510
pcnac2022,valor_pc,09115202135260002,rc_clacul,otros pastos cultivados,550000,0.1,producto_sin_precio_en_insumo_investigador,55000
pcnac2022,valor_pc,09115361000992325,rc_clacul,otros pastos cultivados,1980000,0.1,producto_sin_precio_en_insumo_investigador,198000
pcnac2022,valor_pc,09115454000992233,rc_clacul,otros pastos cultivados,550000,0.1,producto_sin_precio_en_insumo_investigador,55000
pcnac2022,valor_pc,09115454000992233,rc_clacul,otros pastos cultivados,30000,0.1,producto_sin_precio_en_insumo_investigador,3000
pcnac2022,valor_pc,09115461000992569,rc_clacul,otros pastos cultivados,40000,0.1,producto_sin_precio_en_insumo_investigador,4000
pcnac2022,valor_pc,09145002076300003,rc_clacul,otros pastos cultivados,2e+05,0.1,producto_sin_precio_en_insumo_investigador,20000
pcnac2022,valor_pc,09195002057100005,rc_clacul,otros pastos cultivados,17640,0.1,producto_sin_precio_en_insumo_investigador,1764
pcnac2022,valor_pc,09195002057100009,rc_clacul,otros pastos cultivados,1764,0.1,producto_sin_precio_en_insumo_investigador,176.4
pcnac2022,valor_pc,09195002057100010,rc_clacul,otros pastos cultivados,3528,0.1,producto_sin_precio_en_insumo_investigador,352.8
pcnac2022,valor_pc,09195102052200001,rc_clacul,otros pastos cultivados,12250,0.1,producto_sin_precio_en_insumo_investigador,1225
pcnac2022,valor_pc,09195202071070002,rc_clacul,otros pastos cultivados,21168,0.1,producto_sin_precio_en_insumo_investigador,2116.8
pcnac2022,valor_pc,09195202071070002,rc_clacul,otros pastos cultivados,10584,0.1,producto_sin_precio_en_insumo_investigador,1058.4
pcnac2022,valor_pc,09195302046180008,rc_clacul,otros pastos cultivados,705.5,0.1,producto_sin_precio_en_insumo_investigador,70.55
pcnac2022,valor_pc,09195302046180009,rc_clacul,otros pastos cultivados,1250,0.1,producto_sin_precio_en_insumo_investigador,125
pcnac2022,valor_pc,09195302046180009,rc_clacul,otros pastos cultivados,1000,0.1,producto_sin_precio_en_insumo_investigador,100
pcnac2022,valor_pc,09205002090450001,rc_clacul,gramalote,32250,0.1,producto_sin_precio_en_insumo_investigador,3225
pcnac2022,valor_pc,09205002090450002,rc_clacul,gramalote,24900,0.1,producto_sin_precio_en_insumo_investigador,2490
pcnac2022,valor_pc,09205002090450003,rc_clacul,gramalote,140000,0.1,producto_sin_precio_en_insumo_investigador,14000
pcnac2022,valor_pc,09205502092450004,rc_clacul,otros pastos cultivados,244250,0.1,producto_sin_precio_en_insumo_investigador,24425
pcnac2022,valor_pc,09225156000993460,rc_clacul,otros pastos cultivados,5e+05,0.1,producto_sin_precio_en_insumo_investigador,50000
pcnac2022,valor_pc,09235064000990989,rc_clacul,otros pastos cultivados,115000,0.1,producto_sin_precio_en_insumo_investigador,11500
pcnac2022,valor_pc,09275001000630001,rc_clacul,otros pastos cultivados,60000,0.1,producto_sin_precio_en_insumo_investigador,6000
pcnac2022,valor_pc,09275061000992291,rc_clacul,otros pastos cultivados,5e+06,0.1,producto_sin_precio_en_insumo_investigador,5e+05
pcnac2022,valor_pc,09275061000992291,rc_clacul,otros pastos cultivados,750000,0.1,producto_sin_precio_en_insumo_investigador,75000
pcnac2022,valor_pc,09275061000992395,rc_clacul,otros pastos cultivados,1650000,0.1,producto_sin_precio_en_insumo_investigador,165000
pcnac2022,valor_pc,09275061000993217,rc_clacul,otros pastos cultivados,85000,0.1,producto_sin_precio_en_insumo_investigador,8500
pcnac2022,valor_pc,09275061000993217,rc_clacul,otros pastos cultivados,90000,0.1,producto_sin_precio_en_insumo_investigador,9000
pcnac2022,valor_pc,09275064000991001,rc_clacul,otros pastos cultivados,2e+05,0.1,producto_sin_precio_en_insumo_investigador,20000
pcnac2022,valor_pc,09275064000991001,rc_clacul,otros pastos cultivados,25000,0.1,producto_sin_precio_en_insumo_investigador,2500
pcnac2022,valor_pc,09275064000991009,rc_clacul,otros pastos cultivados,191500,0.1,producto_sin_precio_en_insumo_investigador,19150
pcnac2022,valor_pc,10015364000991371,rc_clacul,gramalote,30000,0.1,producto_sin_precio_en_insumo_investigador,3000
pcnac2022,valor_pc,10015501004750001,rc_clacul,gramalote,225000,0.1,producto_sin_precio_en_insumo_investigador,22500
pcnac2022,valor_pc,10015503000040001,rc_clacul,gramalote,21250,0.1,producto_sin_precio_en_insumo_investigador,2125
pcnac2022,valor_pc,10015503000150002,rc_clacul,gramalote,197500,0.1,producto_sin_precio_en_insumo_investigador,19750
pcnac2022,valor_pc,10035201135490001,rc_clacul,gramalote,12400,0.1,producto_sin_precio_en_insumo_investigador,1240
pcnac2022,valor_pc,10035201135490001,rc_clacul,gramalote,14250,0.1,producto_sin_precio_en_insumo_investigador,1425
pcnac2022,valor_pc,10035561000993275,rc_clacul,otros pastos cultivados,30000,0.1,producto_sin_precio_en_insumo_investigador,3000
pcnac2022,valor_pc,10035561000993275,rc_clacul,otros pastos cultivados,50000,0.1,producto_sin_precio_en_insumo_investigador,5000
pcnac2022,valor_pc,10065204000090002,rc_clacul,gramalote,15000,0.1,producto_sin_precio_en_insumo_investigador,1500
pcnac2022,valor_pc,10065564000991390,rc_clacul,otros pastos cultivados,8500,0.1,producto_sin_precio_en_insumo_investigador,850
pcnac2022,valor_pc,11015601155400001,rc_clacul,otros pastos cultivados,1500,0.1,producto_sin_precio_en_insumo_investigador,150
pcnac2022,valor_pc,11025001188610004,rc_clacul,gramalote,15000,0.1,producto_sin_precio_en_insumo_investigador,1500
pcnac2022,valor_pc,11035103008680013,rc_clacul,otros pastos cultivados,30000,0.1,producto_sin_precio_en_insumo_investigador,3000
pcnac2022,valor_pc,11045001143530001,rc_clacul,otros pastos cultivados,60000,0.1,producto_sin_precio_en_insumo_investigador,6000
pcnac2022,valor_pc,11045001143530002,rc_clacul,otros pastos cultivados,1e+05,0.1,producto_sin_precio_en_insumo_investigador,10000
pcnac2022,valor_pc,11045001143530003,rc_clacul,otros pastos cultivados,2e+05,0.1,producto_sin_precio_en_insumo_investigador,20000
pcnac2022,valor_pc,11045101147350001,rc_clacul,otros pastos cultivados,60000,0.1,producto_sin_precio_en_insumo_investigador,6000
pcnac2022,valor_pc,11045101147350001,rc_clacul,otros pastos cultivados,15000,0.1,producto_sin_precio_en_insumo_investigador,1500
pcnac2022,valor_pc,11045101147350002,rc_clacul,otros pastos cultivados,39950,0.1,producto_sin_precio_en_insumo_investigador,3995
pcnac2022,valor_pc,11045101151110002,rc_clacul,otros pastos cultivados,25000,0.1,producto_sin_precio_en_insumo_investigador,2500
pcnac2022,valor_pc,11045501135780001,rc_clacul,otros pastos cultivados,60000,0.1,producto_sin_precio_en_insumo_investigador,6000
pcnac2022,valor_pc,11045501135780001,rc_clacul,otros pastos cultivados,10000,0.1,producto_sin_precio_en_insumo_investigador,1000
pcnac2022,valor_pc,11045501135780001,rc_clacul,otros pastos cultivados,8650,0.1,producto_sin_precio_en_insumo_investigador,865
pcnac2022,valor_pc,11045501142810005,rc_clacul,otros pastos cultivados,58950,0.1,producto_sin_precio_en_insumo_investigador,5895
pcnac2022,valor_pc,11045501144000013,rc_clacul,otros pastos cultivados,30000,0.1,producto_sin_precio_en_insumo_investigador,3000
pcnac2022,valor_pc,11055001032410001,rc_clacul,otros pastos cultivados,20000,0.1,producto_sin_precio_en_insumo_investigador,2000
pcnac2022,valor_pc,11055001032410001,rc_clacul,otros pastos cultivados,15000,0.1,producto_sin_precio_en_insumo_investigador,1500
pcnac2022,valor_pc,11075301140660010,rc_clacul,otros pastos cultivados,10000,0.1,producto_sin_precio_en_insumo_investigador,1000
pcnac2022,valor_pc,11075301142370002,rc_clacul,otros pastos cultivados,39950,0.1,producto_sin_precio_en_insumo_investigador,3995
pcnac2022,valor_pc,11075301142370004,rc_clacul,otros pastos cultivados,20000,0.1,producto_sin_precio_en_insumo_investigador,2000
pcnac2022,valor_pc,11095003006540001,rc_clacul,otros pastos cultivados,25000,0.1,producto_sin_precio_en_insumo_investigador,2500
pcnac2022,valor_pc,11095003006540007,rc_clacul,otros pastos cultivados,50000,0.1,producto_sin_precio_en_insumo_investigador,5000
pcnac2022,valor_pc,11095803007510028,rc_clacul,otros pastos cultivados,5000,0.1,producto_sin_precio_en_insumo_investigador,500
pcnac2022,valor_pc,11105503005800006,rc_clacul,otros pastos cultivados,2500,0.1,producto_sin_precio_en_insumo_investigador,250
pcnac2022,valor_pc,11135003012330001,rc_clacul,otros pastos cultivados,10500,0.1,producto_sin_precio_en_insumo_investigador,1050
pcnac2022,valor_pc,11155001167900002,rc_clacul,otros pastos cultivados,225000,0.1,producto_sin_precio_en_insumo_investigador,22500
pcnac2022,valor_pc,11155001167900002,rc_clacul,otros pastos cultivados,10000,0.1,producto_sin_precio_en_insumo_investigador,1000
pcnac2022,valor_pc,11155001167900003,rc_clacul,otros pastos cultivados,30000,0.1,producto_sin_precio_en_insumo_investigador,3000
pcnac2022,valor_pc,11155001173030001,rc_clacul,otros pastos cultivados,65000,0.1,producto_sin_precio_en_insumo_investigador,6500
pcnac2022,valor_pc,11155001173030002,rc_clacul,otros pastos cultivados,39950,0.1,producto_sin_precio_en_insumo_investigador,3995
pcnac2022,valor_pc,12015002142010017,rc_clacul,otros pastos cultivados,1250,0.1,producto_sin_precio_en_insumo_investigador,125
pcnac2022,valor_pc,12015361000992875,rc_clacul,otros pastos cultivados,765000,0.1,producto_sin_precio_en_insumo_investigador,76500
pcnac2022,valor_pc,12015461000992482,rc_clacul,otros pastos cultivados,352447,0.1,producto_sin_precio_en_insumo_investigador,35244.7
pcnac2022,valor_pc,12025002131930005,rc_clacul,gramalote,3500,0.1,producto_sin_precio_en_insumo_investigador,350
pcnac2022,valor_pc,12025002131930013,rc_clacul,gramalote,1764,0.1,producto_sin_precio_en_insumo_investigador,176.4
pcnac2022,valor_pc,12025002131930013,rc_clacul,gramalote,1764,0.1,producto_sin_precio_en_insumo_investigador,176.4
pcnac2022,valor_pc,12025202121640001,rc_clacul,gramalote,52920,0.1,producto_sin_precio_en_insumo_investigador,5292
pcnac2022,valor_pc,12025202123060005,rc_clacul,gramalote,1764,0.1,producto_sin_precio_en_insumo_investigador,176.4
pcnac2022,valor_pc,12025202123060012,rc_clacul,gramalote,15000,0.1,producto_sin_precio_en_insumo_investigador,1500
pcnac2022,valor_pc,12045061000992897,rc_clacul,gramalote,45000,0.1,producto_sin_precio_en_insumo_investigador,4500
pcnac2022,valor_pc,12085002092760003,rc_clacul,otros pastos cultivados,149950,0.1,producto_sin_precio_en_insumo_investigador,14995
pcnac2022,valor_pc,12085002092760005,rc_clacul,otros pastos cultivados,499950,0.1,producto_sin_precio_en_insumo_investigador,49995
pcnac2022,valor_pc,12125002038680005,rc_clacul,gramalote,44950,0.1,producto_sin_precio_en_insumo_investigador,4495
pcnac2022,valor_pc,13015064000992060,rc_clacul,otros pastos cultivados,10000,0.1,producto_sin_precio_en_insumo_investigador,1000
pcnac2022,valor_pc,13025002181420037,rc_clacul,otros pastos cultivados,10584,0.1,producto_sin_precio_en_insumo_investigador,1058.4
pcnac2022,valor_pc,13025002181420040,rc_clacul,otros pastos cultivados,2000,0.1,producto_sin_precio_en_insumo_investigador,200
pcnac2022,valor_pc,13035002145980009,rc_clacul,otros pastos cultivados,6174,0.1,producto_sin_precio_en_insumo_investigador,617.4
pcnac2022,valor_pc,13035002148250002,rc_clacul,otros pastos cultivados,2500,0.1,producto_sin_precio_en_insumo_investigador,250
pcnac2022,valor_pc,13035002148250012,rc_clacul,otros pastos cultivados,15000,0.1,producto_sin_precio_en_insumo_investigador,1500
pcnac2022,valor_pc,13035002148250012,rc_clacul,otros pastos cultivados,250000,0.1,producto_sin_precio_en_insumo_investigador,25000
pcnac2022,valor_pc,13035002148250012,rc_clacul,otros pastos cultivados,80000,0.1,producto_sin_precio_en_insumo_investigador,8000
pcnac2022,valor_pc,13035102129030006,rc_clacul,gramalote,882,0.1,producto_sin_precio_en_insumo_investigador,88.2
pcnac2022,valor_pc,13035102129030011,rc_clacul,gramalote,20000,0.1,producto_sin_precio_en_insumo_investigador,2000
pcnac2022,valor_pc,13035102129030011,rc_clacul,gramalote,5000,0.1,producto_sin_precio_en_insumo_investigador,500
pcnac2022,valor_pc,13035602118050001,rc_clacul,otros pastos cultivados,1e+05,0.1,producto_sin_precio_en_insumo_investigador,10000
pcnac2022,valor_pc,13035761000992428,rc_clacul,otros pastos cultivados,3200000,0.1,producto_sin_precio_en_insumo_investigador,320000
pcnac2022,valor_pc,13035761000992779,rc_clacul,otros pastos cultivados,2e+05,0.1,producto_sin_precio_en_insumo_investigador,20000
pcnac2022,valor_pc,13035761000992781,rc_clacul,otros pastos cultivados,60350,0.1,producto_sin_precio_en_insumo_investigador,6035
pcnac2022,valor_pc,13035761000992781,rc_clacul,otros pastos cultivados,15000,0.1,producto_sin_precio_en_insumo_investigador,1500
pcnac2022,valor_pc,13045003007290012,rc_clacul,otros pastos cultivados,5500,0.1,producto_sin_precio_en_insumo_investigador,550
pcnac2022,valor_pc,13045003009290008,rc_clacul,otros pastos cultivados,2500,0.1,producto_sin_precio_en_insumo_investigador,250
pcnac2022,valor_pc,13045061000992869,rc_clacul,otros pastos cultivados,2500,0.1,producto_sin_precio_en_insumo_investigador,250
pcnac2022,valor_pc,13045202042340011,rc_clacul,otros pastos cultivados,22450,0.1,producto_sin_precio_en_insumo_investigador,2245
pcnac2022,valor_pc,13055202097100001,rc_clacul,otros pastos cultivados,54500,0.1,producto_sin_precio_en_insumo_investigador,5450
pcnac2022,valor_pc,13105002246680004,rc_clacul,otros pastos cultivados,1250,0.1,producto_sin_precio_en_insumo_investigador,125
pcnac2022,valor_pc,13105102247900019,rc_clacul,otros pastos cultivados,3000,0.1,producto_sin_precio_en_insumo_investigador,300
pcnac2022,valor_pc,13105102247900019,rc_clacul,otros pastos cultivados,8750,0.1,producto_sin_precio_en_insumo_investigador,875
pcnac2022,valor_pc,13105102247900019,rc_clacul,otros pastos cultivados,3750,0.1,producto_sin_precio_en_insumo_investigador,375
pcnac2022,valor_pc,13105102247900019,rc_clacul,otros pastos cultivados,45000,0.1,producto_sin_precio_en_insumo_investigador,4500
pcnac2022,valor_pc,13105202255390001,rc_clacul,otros pastos cultivados,75000,0.1,producto_sin_precio_en_insumo_investigador,7500
pcnac2022,valor_pc,13105202255390009,rc_clacul,otros pastos cultivados,10000,0.1,producto_sin_precio_en_insumo_investigador,1000
pcnac2022,valor_pc,13105202255390011,rc_clacul,otros pastos cultivados,12500,0.1,producto_sin_precio_en_insumo_investigador,1250
pcnac2022,valor_pc,13105202255580003,rc_clacul,otros pastos cultivados,60000,0.1,producto_sin_precio_en_insumo_investigador,6000
pcnac2022,valor_pc,13105202256410002,rc_clacul,otros pastos cultivados,8750,0.1,producto_sin_precio_en_insumo_investigador,875
pcnac2022,valor_pc,13105202256410003,rc_clacul,otros pastos cultivados,25000,0.1,producto_sin_precio_en_insumo_investigador,2500
pcnac2022,valor_pc,13105202260160019,rc_clacul,otros pastos cultivados,50000,0.1,producto_sin_precio_en_insumo_investigador,5000
pcnac2022,valor_pc,13105261000992542,rc_clacul,otros pastos cultivados,48750,0.1,producto_sin_precio_en_insumo_investigador,4875
pcnac2022,valor_pc,13105302254570006,rc_clacul,otros pastos cultivados,25000,0.1,producto_sin_precio_en_insumo_investigador,2500
pcnac2022,valor_pc,13105302254570006,rc_clacul,otros pastos cultivados,12500,0.1,producto_sin_precio_en_insumo_investigador,1250
pcnac2022,valor_pc,13105302254570007,rc_clacul,otros pastos cultivados,10000,0.1,producto_sin_precio_en_insumo_investigador,1000
pcnac2022,valor_pc,13105402245190008,rc_clacul,otros pastos cultivados,14950,0.1,producto_sin_precio_en_insumo_investigador,1495
pcnac2022,valor_pc,13105402245190008,rc_clacul,otros pastos cultivados,6250,0.1,producto_sin_precio_en_insumo_investigador,625
pcnac2022,valor_pc,13125002196050001,rc_clacul,otros pastos cultivados,35000,0.1,producto_sin_precio_en_insumo_investigador,3500
pcnac2022,valor_pc,13125002196050008,rc_clacul,otros pastos cultivados,12348,0.1,producto_sin_precio_en_insumo_investigador,1234.8
pcnac2022,valor_pc,13135002225320011,rc_clacul,otros pastos cultivados,15000,0.1,producto_sin_precio_en_insumo_investigador,1500
pcnac2022,valor_pc,13135064000992071,rc_clacul,otros pastos cultivados,30000,0.1,producto_sin_precio_en_insumo_investigador,3000
pcnac2022,valor_pc,13135162000990497,rc_clacul,otros pastos cultivados,15000,0.1,producto_sin_precio_en_insumo_investigador,1500
pcnac2022,valor_pc,13135162000990497,rc_clacul,otros pastos cultivados,157500,0.1,producto_sin_precio_en_insumo_investigador,15750
pcnac2022,valor_pc,13155102175540001,rc_clacul,otros pastos cultivados,7050,0.1,producto_sin_precio_en_insumo_investigador,705
pcnac2022,valor_pc,13155102175540002,rc_clacul,otros pastos cultivados,30000,0.1,producto_sin_precio_en_insumo_investigador,3000
pcnac2022,valor_pc,13155102175540003,rc_clacul,otros pastos cultivados,105840,0.1,producto_sin_precio_en_insumo_investigador,10584
pcnac2022,valor_pc,13155102175540005,rc_clacul,otros pastos cultivados,112896,0.1,producto_sin_precio_en_insumo_investigador,11289.6
pcnac2022,valor_pc,13155202184610001,rc_clacul,otros pastos cultivados,1750,0.1,producto_sin_precio_en_insumo_investigador,175
pcnac2022,valor_pc,13155202184610017,rc_clacul,otros pastos cultivados,6174,0.1,producto_sin_precio_en_insumo_investigador,617.4
pcnac2022,valor_pc,13155202184610026,rc_clacul,otros pastos cultivados,5000,0.1,producto_sin_precio_en_insumo_investigador,500
pcnac2022,valor_pc,13155202185140001,rc_clacul,otros pastos cultivados,90000,0.1,producto_sin_precio_en_insumo_investigador,9000
pcnac2022,valor_pc,13155202185140004,rc_clacul,otros pastos cultivados,20000,0.1,producto_sin_precio_en_insumo_investigador,2000
pcnac2022,valor_pc,13155202185140004,rc_clacul,otros pastos cultivados,20000,0.1,producto_sin_precio_en_insumo_investigador,2000
pcnac2022,valor_pc,13165255000992187,rc_clacul,otros pastos cultivados,540000,0.1,producto_sin_precio_en_insumo_investigador,54000
pcnac2022,valor_pc,13175102000460002,rc_clacul,otros pastos cultivados,180000,0.1,producto_sin_precio_en_insumo_investigador,18000
pcnac2022,valor_pc,13175104000250001,rc_clacul,otros pastos cultivados,19850,0.1,producto_sin_precio_en_insumo_investigador,1985
pcnac2022,valor_pc,13175104000250002,rc_clacul,otros pastos cultivados,179400,0.1,producto_sin_precio_en_insumo_investigador,17940
pcnac2022,valor_pc,13175104000250005,rc_clacul,otros pastos cultivados,105000,0.1,producto_sin_precio_en_insumo_investigador,10500
pcnac2022,valor_pc,13185002233580003,rc_clacul,otros pastos cultivados,115000,0.1,producto_sin_precio_en_insumo_investigador,11500
pcnac2022,valor_pc,13205002060500001,rc_clacul,otros pastos cultivados,15000,0.1,producto_sin_precio_en_insumo_investigador,1500
pcnac2022,valor_pc,14015101026660001,rc_clacul,gramalote,1e+05,0.1,producto_sin_precio_en_insumo_investigador,10000
pcnac2022,valor_pc,14015101026660001,rc_clacul,otros pastos cultivados,50000,0.1,producto_sin_precio_en_insumo_investigador,5000
pcnac2022,valor_pc,14015301028420001,rc_clacul,gramalote,50000,0.1,producto_sin_precio_en_insumo_investigador,5000
pcnac2022,valor_pc,14015301032430001,rc_clacul,gramalote,1e+05,0.1,producto_sin_precio_en_insumo_investigador,10000
pcnac2022,valor_pc,14015301032440001,rc_clacul,gramalote,1e+05,0.1,producto_sin_precio_en_insumo_investigador,10000
pcnac2022,valor_pc,14015301033100001,rc_clacul,gramalote,2e+05,0.1,producto_sin_precio_en_insumo_investigador,20000
pcnac2022,valor_pc,14015301033100001,rc_clacul,gramalote,115000,0.1,producto_sin_precio_en_insumo_investigador,11500
pcnac2022,valor_pc,14015301033600001,rc_clacul,gramalote,1e+05,0.1,producto_sin_precio_en_insumo_investigador,10000
pcnac2022,valor_pc,14015301034620009,rc_clacul,gramalote,85000,0.1,producto_sin_precio_en_insumo_investigador,8500
pcnac2022,valor_pc,14015301034620015,rc_clacul,gramalote,600,0.1,producto_sin_precio_en_insumo_investigador,60
pcnac2022,valor_pc,14015301034620021,rc_clacul,gramalote,17500,0.1,producto_sin_precio_en_insumo_investigador,1750
pcnac2022,valor_pc,14015301034620025,rc_clacul,gramalote,11750,0.1,producto_sin_precio_en_insumo_investigador,1175
pcnac2022,valor_pc,14015301035510004,rc_clacul,otros pastos cultivados,1350,0.1,producto_sin_precio_en_insumo_investigador,135
pcnac2022,valor_pc,14015301035510005,rc_clacul,gramalote,10000,0.1,producto_sin_precio_en_insumo_investigador,1000
pcnac2022,valor_pc,14015301035510005,rc_clacul,gramalote,10000,0.1,producto_sin_precio_en_insumo_investigador,1000
pcnac2022,valor_pc,14015301035510005,rc_clacul,gramalote,15000,0.1,producto_sin_precio_en_insumo_investigador,1500
pcnac2022,valor_pc,14015301035510008,rc_clacul,otros pastos cultivados,2500,0.1,producto_sin_precio_en_insumo_investigador,250
pcnac2022,valor_pc,14015301036430001,rc_clacul,gramalote,140000,0.1,producto_sin_precio_en_insumo_investigador,14000
pcnac2022,valor_pc,14015362000990514,rc_clacul,gramalote,1e+05,0.1,producto_sin_precio_en_insumo_investigador,10000
pcnac2022,valor_pc,14015364000991639,rc_clacul,gramalote,415000,0.1,producto_sin_precio_en_insumo_investigador,41500
pcnac2022,valor_pc,14015601025230001,rc_clacul,gramalote,22500,0.1,producto_sin_precio_en_insumo_investigador,2250
pcnac2022,valor_pc,14015601026860001,rc_clacul,gramalote,25000,0.1,producto_sin_precio_en_insumo_investigador,2500
pcnac2022,valor_pc,14015601028280002,rc_clacul,gramalote,40000,0.1,producto_sin_precio_en_insumo_investigador,4000
pcnac2022,valor_pc,14015601032260001,rc_clacul,gramalote,150000,0.1,producto_sin_precio_en_insumo_investigador,15000
pcnac2022,valor_pc,14015603005670001,rc_clacul,gramalote,41250,0.1,producto_sin_precio_en_insumo_investigador,4125
pcnac2022,valor_pc,14015603005670001,rc_clacul,gramalote,463750,0.1,producto_sin_precio_en_insumo_investigador,46375
pcnac2022,valor_pc,14015702008670001,rc_clacul,gramalote,32500,0.1,producto_sin_precio_en_insumo_investigador,3250
pcnac2022,valor_pc,14015703006470001,rc_clacul,gramalote,2e+05,0.1,producto_sin_precio_en_insumo_investigador,20000
pcnac2022,valor_pc,14015703006470002,rc_clacul,gramalote,60000,0.1,producto_sin_precio_en_insumo_investigador,6000
pcnac2022,valor_pc,14015703006470003,rc_clacul,gramalote,450000,0.1,producto_sin_precio_en_insumo_investigador,45000
pcnac2022,valor_pc,14015703007470005,rc_clacul,gramalote,12500,0.1,producto_sin_precio_en_insumo_investigador,1250
pcnac2022,valor_pc,14015703007470005,rc_clacul,gramalote,7500,0.1,producto_sin_precio_en_insumo_investigador,750
pcnac2022,valor_pc,14015703007470005,rc_clacul,gramalote,6250,0.1,producto_sin_precio_en_insumo_investigador,625
pcnac2022,valor_pc,14015703007470005,rc_clacul,gramalote,10000,0.1,producto_sin_precio_en_insumo_investigador,1000
pcnac2022,valor_pc,14015703007470005,rc_clacul,gramalote,7500,0.1,producto_sin_precio_en_insumo_investigador,750
pcnac2022,valor_pc,14015703007470005,rc_clacul,gramalote,7500,0.1,producto_sin_precio_en_insumo_investigador,750
pcnac2022,valor_pc,14015703007470013,rc_clacul,gramalote,120000,0.1,producto_sin_precio_en_insumo_investigador,12000
pcnac2022,valor_pc,14015764000991634,rc_clacul,gramalote,150000,0.1,producto_sin_precio_en_insumo_investigador,15000
pcnac2022,valor_pc,14015802005750001,rc_clacul,gramalote,225000,0.1,producto_sin_precio_en_insumo_investigador,22500
pcnac2022,valor_pc,14015802005750002,rc_clacul,gramalote,225000,0.1,producto_sin_precio_en_insumo_investigador,22500
pcnac2022,valor_pc,14015802005750003,rc_clacul,gramalote,240000,0.1,producto_sin_precio_en_insumo_investigador,24000
pcnac2022,valor_pc,14015802005750004,rc_clacul,gramalote,225000,0.1,producto_sin_precio_en_insumo_investigador,22500
pcnac2022,valor_pc,14015861000992806,rc_clacul,gramalote,325000,0.1,producto_sin_precio_en_insumo_investigador,32500
pcnac2022,valor_pc,14016202005680001,rc_clacul,gramalote,125000,0.1,producto_sin_precio_en_insumo_investigador,12500
pcnac2022,valor_pc,14016202005680002,rc_clacul,gramalote,2e+05,0.1,producto_sin_precio_en_insumo_investigador,20000
pcnac2022,valor_pc,14016202005680003,rc_clacul,gramalote,250000,0.1,producto_sin_precio_en_insumo_investigador,25000
pcnac2022,valor_pc,14016202005680004,rc_clacul,gramalote,150000,0.1,producto_sin_precio_en_insumo_investigador,15000
pcnac2022,valor_pc,14016202006700002,rc_clacul,gramalote,3e+05,0.1,producto_sin_precio_en_insumo_investigador,30000
pcnac2022,valor_pc,14016202006700003,rc_clacul,gramalote,150000,0.1,producto_sin_precio_en_insumo_investigador,15000
pcnac2022,valor_pc,14016202006700004,rc_clacul,gramalote,50000,0.1,producto_sin_precio_en_insumo_investigador,5000
pcnac2022,valor_pc,14016401038650001,rc_clacul,gramalote,180000,0.1,producto_sin_precio_en_insumo_investigador,18000
pcnac2022,valor_pc,14016401042340001,rc_clacul,gramalote,250000,0.1,producto_sin_precio_en_insumo_investigador,25000
pcnac2022,valor_pc,14016401042350001,rc_clacul,gramalote,250000,0.1,producto_sin_precio_en_insumo_investigador,25000
pcnac2022,valor_pc,14025002023050002,rc_clacul,gramalote,150000,0.1,producto_sin_precio_en_insumo_investigador,15000
pcnac2022,valor_pc,14025002025700001,rc_clacul,gramalote,350000,0.1,producto_sin_precio_en_insumo_investigador,35000
pcnac2022,valor_pc,14025002025700001,rc_clacul,gramalote,149900,0.1,producto_sin_precio_en_insumo_investigador,14990
pcnac2022,valor_pc,14025002026000001,rc_clacul,gramalote,145000,0.1,producto_sin_precio_en_insumo_investigador,14500
pcnac2022,valor_pc,14025002026880002,rc_clacul,gramalote,75000,0.1,producto_sin_precio_en_insumo_investigador,7500
pcnac2022,valor_pc,14025002026880005,rc_clacul,gramalote,4800,0.1,producto_sin_precio_en_insumo_investigador,480
pcnac2022,valor_pc,14025002027000002,rc_clacul,gramalote,85000,0.1,producto_sin_precio_en_insumo_investigador,8500
pcnac2022,valor_pc,14025401087990002,rc_clacul,gramalote,20000,0.1,producto_sin_precio_en_insumo_investigador,2000
pcnac2022,valor_pc,14035702013230001,rc_clacul,gramalote,1e+05,0.1,producto_sin_precio_en_insumo_investigador,10000
pcnac2022,valor_pc,14035702013570001,rc_clacul,gramalote,40000,0.1,producto_sin_precio_en_insumo_investigador,4000
pcnac2022,valor_pc,14035702014220001,rc_clacul,gramalote,235000,0.1,producto_sin_precio_en_insumo_investigador,23500
pcnac2022,valor_pc,14035764000991645,rc_clacul,gramalote,17500,0.1,producto_sin_precio_en_insumo_investigador,1750
pcnac2022,valor_pc,14035801076880001,rc_clacul,otros pastos cultivados,142450,0.1,producto_sin_precio_en_insumo_investigador,14245
pcnac2022,valor_pc,14035801081120001,rc_clacul,gramalote,10000,0.1,producto_sin_precio_en_insumo_investigador,1000
pcnac2022,valor_pc,14045001002900001,rc_clacul,gramalote,160000,0.1,producto_sin_precio_en_insumo_investigador,16000
pcnac2022,valor_pc,14045001003480002,rc_clacul,gramalote,24900,0.1,producto_sin_precio_en_insumo_investigador,2490
pcnac2022,valor_pc,14045001003480002,rc_clacul,gramalote,1250,0.1,producto_sin_precio_en_insumo_investigador,125
pcnac2022,valor_pc,14045001003480003,rc_clacul,gramalote,50000,0.1,producto_sin_precio_en_insumo_investigador,5000
pcnac2022,valor_pc,14045001003480003,rc_clacul,gramalote,160000,0.1,producto_sin_precio_en_insumo_investigador,16000
pcnac2022,valor_pc,14045001004620001,rc_clacul,gramalote,9950,0.1,producto_sin_precio_en_insumo_investigador,995
pcnac2022,valor_pc,14045001004620002,rc_clacul,gramalote,50000,0.1,producto_sin_precio_en_insumo_investigador,5000
pcnac2022,valor_pc,14045101020760001,rc_clacul,gramalote,22500,0.1,producto_sin_precio_en_insumo_investigador,2250
pcnac2022,valor_pc,14045103001260002,rc_clacul,otros pastos cultivados,25000,0.1,producto_sin_precio_en_insumo_investigador,2500
pcnac2022,valor_pc,14045401006770001,rc_clacul,gramalote,135000,0.1,producto_sin_precio_en_insumo_investigador,13500
pcnac2022,valor_pc,14045401006770001,rc_clacul,gramalote,15000,0.1,producto_sin_precio_en_insumo_investigador,1500
pcnac2022,valor_pc,14045401006770002,rc_clacul,gramalote,2e+05,0.1,producto_sin_precio_en_insumo_investigador,20000
pcnac2022,valor_pc,14045401006770003,rc_clacul,gramalote,2e+05,0.1,producto_sin_precio_en_insumo_investigador,20000
pcnac2022,valor_pc,14045401010100001,rc_clacul,gramalote,75000,0.1,producto_sin_precio_en_insumo_investigador,7500
pcnac2022,valor_pc,14045401011800003,rc_clacul,gramalote,25000,0.1,producto_sin_precio_en_insumo_investigador,2500
pcnac2022,valor_pc,14045401013630001,rc_clacul,gramalote,199900,0.1,producto_sin_precio_en_insumo_investigador,19990
pcnac2022,valor_pc,14045401015590001,rc_clacul,gramalote,25000,0.1,producto_sin_precio_en_insumo_investigador,2500
pcnac2022,valor_pc,14045401017870003,rc_clacul,gramalote,32050,0.1,producto_sin_precio_en_insumo_investigador,3205
pcnac2022,valor_pc,14045401019350001,rc_clacul,otros pastos cultivados,50000,0.1,producto_sin_precio_en_insumo_investigador,5000
pcnac2022,valor_pc,14045501020850001,rc_clacul,gramalote,10000,0.1,producto_sin_precio_en_insumo_investigador,1000
pcnac2022,valor_pc,14055001066810001,rc_clacul,gramalote,5000,0.1,producto_sin_precio_en_insumo_investigador,500
pcnac2022,valor_pc,14055003012190001,rc_clacul,gramalote,2e+05,0.1,producto_sin_precio_en_insumo_investigador,20000
pcnac2022,valor_pc,14055003012190002,rc_clacul,gramalote,2e+05,0.1,producto_sin_precio_en_insumo_investigador,20000
pcnac2022,valor_pc,14055101066260001,rc_clacul,gramalote,10000,0.1,producto_sin_precio_en_insumo_investigador,1000
pcnac2022,valor_pc,14055101069820001,rc_clacul,otros pastos cultivados,50000,0.1,producto_sin_precio_en_insumo_investigador,5000
pcnac2022,valor_pc,14055401077330001,rc_clacul,gramalote,50000,0.1,producto_sin_precio_en_insumo_investigador,5000
pcnac2022,valor_pc,14055461000993024,rc_clacul,gramalote,425000,0.1,producto_sin_precio_en_insumo_investigador,42500
pcnac2022,valor_pc,14055601060850001,rc_clacul,gramalote,25000,0.1,producto_sin_precio_en_insumo_investigador,2500
pcnac2022,valor_pc,14055601070520001,rc_clacul,gramalote,244950,0.1,producto_sin_precio_en_insumo_investigador,24495
pcnac2022,valor_pc,14055701056250001,rc_clacul,gramalote,250000,0.1,producto_sin_precio_en_insumo_investigador,25000
pcnac2022,valor_pc,14055701056250001,rc_clacul,gramalote,3e+05,0.1,producto_sin_precio_en_insumo_investigador,30000
pcnac2022,valor_pc,14055701064470003,rc_clacul,gramalote,1250,0.1,producto_sin_precio_en_insumo_investigador,125
pcnac2022,valor_pc,14065001045750002,rc_clacul,gramalote,5000,0.1,producto_sin_precio_en_insumo_investigador,500
pcnac2022,valor_pc,14065001045750007,rc_clacul,otros pastos cultivados,2300,0.1,producto_sin_precio_en_insumo_investigador,230
pcnac2022,valor_pc,14065001046940001,rc_clacul,otros pastos cultivados,35000,0.1,producto_sin_precio_en_insumo_investigador,3500
pcnac2022,valor_pc,14065001046990001,rc_clacul,gramalote,53650,0.1,producto_sin_precio_en_insumo_investigador,5365
pcnac2022,valor_pc,14065001046990002,rc_clacul,gramalote,6250,0.1,producto_sin_precio_en_insumo_investigador,625
pcnac2022,valor_pc,14065001046990002,rc_clacul,gramalote,23750,0.1,producto_sin_precio_en_insumo_investigador,2375
pcnac2022,valor_pc,14065001048640001,rc_clacul,gramalote,50000,0.1,producto_sin_precio_en_insumo_investigador,5000
pcnac2022,valor_pc,14065001048640001,rc_clacul,gramalote,30000,0.1,producto_sin_precio_en_insumo_investigador,3000
pcnac2022,valor_pc,14065001048640001,rc_clacul,gramalote,40000,0.1,producto_sin_precio_en_insumo_investigador,4000
pcnac2022,valor_pc,14065001049300001,rc_clacul,gramalote,150000,0.1,producto_sin_precio_en_insumo_investigador,15000
pcnac2022,valor_pc,14065001049380001,rc_clacul,gramalote,25000,0.1,producto_sin_precio_en_insumo_investigador,2500
pcnac2022,valor_pc,14065001049380001,rc_clacul,gramalote,20000,0.1,producto_sin_precio_en_insumo_investigador,2000
pcnac2022,valor_pc,14065001049380001,rc_clacul,gramalote,1850,0.1,producto_sin_precio_en_insumo_investigador,185
pcnac2022,valor_pc,14065001049380001,rc_clacul,gramalote,15000,0.1,producto_sin_precio_en_insumo_investigador,1500
pcnac2022,valor_pc,14065101050300002,rc_clacul,gramalote,15000,0.1,producto_sin_precio_en_insumo_investigador,1500
pcnac2022,valor_pc,14065101051060001,rc_clacul,gramalote,40000,0.1,producto_sin_precio_en_insumo_investigador,4000
pcnac2022,valor_pc,14065101051060001,rc_clacul,gramalote,60000,0.1,producto_sin_precio_en_insumo_investigador,6000
pcnac2022,valor_pc,14065101051060001,rc_clacul,gramalote,122500,0.1,producto_sin_precio_en_insumo_investigador,12250
pcnac2022,valor_pc,14065101051060001,rc_clacul,gramalote,2500,0.1,producto_sin_precio_en_insumo_investigador,250
pcnac2022,valor_pc,14065101052550001,rc_clacul,gramalote,32500,0.1,producto_sin_precio_en_insumo_investigador,3250
pcnac2022,valor_pc,14065101052550001,rc_clacul,gramalote,15000,0.1,producto_sin_precio_en_insumo_investigador,1500
pcnac2022,valor_pc,14065101052550001,rc_clacul,gramalote,37500,0.1,producto_sin_precio_en_insumo_investigador,3750
pcnac2022,valor_pc,14065101052550001,rc_clacul,gramalote,1850,0.1,producto_sin_precio_en_insumo_investigador,185
pcnac2022,valor_pc,14065101052550001,rc_clacul,gramalote,35000,0.1,producto_sin_precio_en_insumo_investigador,3500
pcnac2022,valor_pc,14065203010740002,rc_clacul,gramalote,175000,0.1,producto_sin_precio_en_insumo_investigador,17500
pcnac2022,valor_pc,14065501044760001,rc_clacul,gramalote,10000,0.1,producto_sin_precio_en_insumo_investigador,1000
pcnac2022,valor_pc,14065501045530007,rc_clacul,gramalote,500,0.1,producto_sin_precio_en_insumo_investigador,50
pcnac2022,valor_pc,14075101023150001,rc_clacul,gramalote,20000,0.1,producto_sin_precio_en_insumo_investigador,2000
pcnac2022,valor_pc,14075101023180001,rc_clacul,gramalote,150000,0.1,producto_sin_precio_en_insumo_investigador,15000
pcnac2022,valor_pc,14075102001360007,rc_clacul,gramalote,65000,0.1,producto_sin_precio_en_insumo_investigador,6500
pcnac2022,valor_pc,14075102001970001,rc_clacul,gramalote,40000,0.1,producto_sin_precio_en_insumo_investigador,4000
pcnac2022,valor_pc,14075102001970001,rc_clacul,gramalote,35000,0.1,producto_sin_precio_en_insumo_investigador,3500
pcnac2022,valor_pc,14075102001970002,rc_clacul,gramalote,30000,0.1,producto_sin_precio_en_insumo_investigador,3000
pcnac2022,valor_pc,14075102001970009,rc_clacul,gramalote,8500,0.1,producto_sin_precio_en_insumo_investigador,850
pcnac2022,valor_pc,14075102004130001,rc_clacul,gramalote,50000,0.1,producto_sin_precio_en_insumo_investigador,5000
pcnac2022,valor_pc,14075102004130002,rc_clacul,gramalote,175000,0.1,producto_sin_precio_en_insumo_investigador,17500
pcnac2022,valor_pc,14075102004130003,rc_clacul,gramalote,125000,0.1,producto_sin_precio_en_insumo_investigador,12500
pcnac2022,valor_pc,14075102004200001,rc_clacul,gramalote,85000,0.1,producto_sin_precio_en_insumo_investigador,8500
pcnac2022,valor_pc,14075102004200002,rc_clacul,gramalote,125000,0.1,producto_sin_precio_en_insumo_investigador,12500
pcnac2022,valor_pc,14075103002850001,rc_clacul,gramalote,2e+05,0.1,producto_sin_precio_en_insumo_investigador,20000
pcnac2022,valor_pc,14095002012170002,rc_clacul,gramalote,20000,0.1,producto_sin_precio_en_insumo_investigador,2000
pcnac2022,valor_pc,14095103009700016,rc_clacul,gramalote,5000,0.1,producto_sin_precio_en_insumo_investigador,500
pcnac2022,valor_pc,14095203005470002,rc_clacul,gramalote,30000,0.1,producto_sin_precio_en_insumo_investigador,3000
pcnac2022,valor_pc,14095203005470013,rc_clacul,gramalote,5000,0.1,producto_sin_precio_en_insumo_investigador,500
pcnac2022,valor_pc,14095304002560001,rc_clacul,gramalote,1e+05,0.1,producto_sin_precio_en_insumo_investigador,10000
pcnac2022,valor_pc,14105001055220001,rc_clacul,gramalote,1e+05,0.1,producto_sin_precio_en_insumo_investigador,10000
pcnac2022,valor_pc,14115001022470001,rc_clacul,gramalote,150000,0.1,producto_sin_precio_en_insumo_investigador,15000
pcnac2022,valor_pc,14115001022820001,rc_clacul,gramalote,125000,0.1,producto_sin_precio_en_insumo_investigador,12500
pcnac2022,valor_pc,14115002000530001,rc_clacul,gramalote,90000,0.1,producto_sin_precio_en_insumo_investigador,9000
pcnac2022,valor_pc,14115002000530002,rc_clacul,gramalote,1e+05,0.1,producto_sin_precio_en_insumo_investigador,10000
pcnac2022,valor_pc,14115002000650001,rc_clacul,otros pastos cultivados,50000,0.1,producto_sin_precio_en_insumo_investigador,5000
pcnac2022,valor_pc,14115002000650002,rc_clacul,gramalote,107500,0.1,producto_sin_precio_en_insumo_investigador,10750
pcnac2022,valor_pc,14115002000840005,rc_clacul,gramalote,150000,0.1,producto_sin_precio_en_insumo_investigador,15000
pcnac2022,valor_pc,14115002000840014,rc_clacul,gramalote,150000,0.1,producto_sin_precio_en_insumo_investigador,15000
pcnac2022,valor_pc,14115003002080001,rc_clacul,gramalote,250000,0.1,producto_sin_precio_en_insumo_investigador,25000
pcnac2022,valor_pc,14115003002080002,rc_clacul,gramalote,275000,0.1,producto_sin_precio_en_insumo_investigador,27500
pcnac2022,valor_pc,14115003002080004,rc_clacul,gramalote,1e+05,0.1,producto_sin_precio_en_insumo_investigador,10000
pcnac2022,valor_pc,14115003002190001,rc_clacul,gramalote,350000,0.1,producto_sin_precio_en_insumo_investigador,35000
pcnac2022,valor_pc,14115003002190002,rc_clacul,gramalote,130000,0.1,producto_sin_precio_en_insumo_investigador,13000
pcnac2022,valor_pc,14115003002190003,rc_clacul,gramalote,250000,0.1,producto_sin_precio_en_insumo_investigador,25000
pcnac2022,valor_pc,14115003002190003,rc_clacul,gramalote,195000,0.1,producto_sin_precio_en_insumo_investigador,19500
pcnac2022,valor_pc,14125103015210001,rc_clacul,gramalote,75000,0.1,producto_sin_precio_en_insumo_investigador,7500
pcnac2022,valor_pc,14125103015210002,rc_clacul,gramalote,25000,0.1,producto_sin_precio_en_insumo_investigador,2500
pcnac2022,valor_pc,14125103015210003,rc_clacul,gramalote,17500,0.1,producto_sin_precio_en_insumo_investigador,1750
pcnac2022,valor_pc,14125103015210004,rc_clacul,gramalote,25000,0.1,producto_sin_precio_en_insumo_investigador,2500
pcnac2022,valor_pc,15035201030810001,rc_clacul,gramalote,150000,0.1,producto_sin_precio_en_insumo_investigador,15000
pcnac2022,valor_pc,15035201031790001,rc_clacul,gramalote,18750,0.1,producto_sin_precio_en_insumo_investigador,1875
pcnac2022,valor_pc,15035201031790001,rc_clacul,gramalote,7500,0.1,producto_sin_precio_en_insumo_investigador,750
pcnac2022,valor_pc,15035201032630001,rc_clacul,gramalote,25000,0.1,producto_sin_precio_en_insumo_investigador,2500
pcnac2022,valor_pc,15035201032630002,rc_clacul,gramalote,19000,0.1,producto_sin_precio_en_insumo_investigador,1900
pcnac2022,valor_pc,15045204000700001,rc_clacul,otros pastos cultivados,35000,0.1,producto_sin_precio_en_insumo_investigador,3500
pcnac2022,valor_pc,15095054000994116,rc_clacul,otros pastos cultivados,24750,0.1,producto_sin_precio_en_insumo_investigador,2475
pcnac2022,valor_pc,16015001023720001,rc_clacul,gramalote,150000,0.1,producto_sin_precio_en_insumo_investigador,15000
pcnac2022,valor_pc,16015001025680001,rc_clacul,gramalote,50000,0.1,producto_sin_precio_en_insumo_investigador,5000
pcnac2022,valor_pc,16015001025680001,rc_clacul,gramalote,350000,0.1,producto_sin_precio_en_insumo_investigador,35000
pcnac2022,valor_pc,16015003009240002,rc_clacul,gramalote,159900,0.1,producto_sin_precio_en_insumo_investigador,15990
pcnac2022,valor_pc,16015003009240003,rc_clacul,gramalote,2e+05,0.1,producto_sin_precio_en_insumo_investigador,20000
pcnac2022,valor_pc,16015061000993307,rc_clacul,gramalote,75000,0.1,producto_sin_precio_en_insumo_investigador,7500
pcnac2022,valor_pc,16015201039510001,rc_clacul,gramalote,1e+05,0.1,producto_sin_precio_en_insumo_investigador,10000
pcnac2022,valor_pc,16015401017300001,rc_clacul,gramalote,252400,0.1,producto_sin_precio_en_insumo_investigador,25240
pcnac2022,valor_pc,16015401017300002,rc_clacul,gramalote,229950,0.1,producto_sin_precio_en_insumo_investigador,22995
pcnac2022,valor_pc,16015401018260001,rc_clacul,gramalote,50000,0.1,producto_sin_precio_en_insumo_investigador,5000
pcnac2022,valor_pc,16015401020190001,rc_clacul,gramalote,350000,0.1,producto_sin_precio_en_insumo_investigador,35000
pcnac2022,valor_pc,16015401024510001,rc_clacul,gramalote,114950,0.1,producto_sin_precio_en_insumo_investigador,11495
pcnac2022,valor_pc,16015401024760002,rc_clacul,gramalote,42450,0.1,producto_sin_precio_en_insumo_investigador,4245
pcnac2022,valor_pc,16015501010790002,rc_clacul,gramalote,125000,0.1,producto_sin_precio_en_insumo_investigador,12500
pcnac2022,valor_pc,16015501011000002,rc_clacul,gramalote,99800,0.1,producto_sin_precio_en_insumo_investigador,9980
pcnac2022,valor_pc,16015501017580001,rc_clacul,gramalote,75000,0.1,producto_sin_precio_en_insumo_investigador,7500
pcnac2022,valor_pc,16015501017580001,rc_clacul,gramalote,50000,0.1,producto_sin_precio_en_insumo_investigador,5000
pcnac2022,valor_pc,16015501019430001,rc_clacul,gramalote,2e+05,0.1,producto_sin_precio_en_insumo_investigador,20000
pcnac2022,valor_pc,16015501019780001,rc_clacul,gramalote,250000,0.1,producto_sin_precio_en_insumo_investigador,25000
pcnac2022,valor_pc,16015701044340001,rc_clacul,gramalote,182500,0.1,producto_sin_precio_en_insumo_investigador,18250
pcnac2022,valor_pc,16015701044340001,rc_clacul,gramalote,15000,0.1,producto_sin_precio_en_insumo_investigador,1500
pcnac2022,valor_pc,16015701044340001,rc_clacul,gramalote,2500,0.1,producto_sin_precio_en_insumo_investigador,250
pcnac2022,valor_pc,16015755000994028,rc_clacul,gramalote,15000,0.1,producto_sin_precio_en_insumo_investigador,1500
pcnac2022,valor_pc,16016201039600001,rc_clacul,gramalote,165000,0.1,producto_sin_precio_en_insumo_investigador,16500
pcnac2022,valor_pc,16016201041070001,rc_clacul,gramalote,197450,0.1,producto_sin_precio_en_insumo_investigador,19745
pcnac2022,valor_pc,16016401005640001,rc_clacul,gramalote,5000,0.1,producto_sin_precio_en_insumo_investigador,500
pcnac2022,valor_pc,16016401005640002,rc_clacul,gramalote,75000,0.1,producto_sin_precio_en_insumo_investigador,7500
pcnac2022,valor_pc,16016401005640002,rc_clacul,gramalote,75000,0.1,producto_sin_precio_en_insumo_investigador,7500
pcnac2022,valor_pc,16016401005640003,rc_clacul,gramalote,65000,0.1,producto_sin_precio_en_insumo_investigador,6500
pcnac2022,valor_pc,16016401005640003,rc_clacul,gramalote,79850,0.1,producto_sin_precio_en_insumo_investigador,7985
pcnac2022,valor_pc,16016401006730001,rc_clacul,gramalote,5e+05,0.1,producto_sin_precio_en_insumo_investigador,50000
pcnac2022,valor_pc,16016401006730001,rc_clacul,gramalote,250000,0.1,producto_sin_precio_en_insumo_investigador,25000
pcnac2022,valor_pc,16016401006730001,rc_clacul,gramalote,249850,0.1,producto_sin_precio_en_insumo_investigador,24985
pcnac2022,valor_pc,16016401007460001,rc_clacul,gramalote,125000,0.1,producto_sin_precio_en_insumo_investigador,12500
pcnac2022,valor_pc,16016401007460002,rc_clacul,gramalote,1e+05,0.1,producto_sin_precio_en_insumo_investigador,10000
pcnac2022,valor_pc,16016401007460002,rc_clacul,gramalote,1e+05,0.1,producto_sin_precio_en_insumo_investigador,10000
pcnac2022,valor_pc,16016401010270001,rc_clacul,gramalote,125000,0.1,producto_sin_precio_en_insumo_investigador,12500
pcnac2022,valor_pc,16016401010270001,rc_clacul,gramalote,125000,0.1,producto_sin_precio_en_insumo_investigador,12500
pcnac2022,valor_pc,16016501037100001,rc_clacul,gramalote,60050,0.1,producto_sin_precio_en_insumo_investigador,6005
pcnac2022,valor_pc,16016501037500001,rc_clacul,gramalote,10000,0.1,producto_sin_precio_en_insumo_investigador,1000
pcnac2022,valor_pc,16016601010630001,rc_clacul,gramalote,60000,0.1,producto_sin_precio_en_insumo_investigador,6000
pcnac2022,valor_pc,16016601010630001,rc_clacul,gramalote,70000,0.1,producto_sin_precio_en_insumo_investigador,7000
pcnac2022,valor_pc,16016601010630002,rc_clacul,gramalote,1e+05,0.1,producto_sin_precio_en_insumo_investigador,10000
pcnac2022,valor_pc,16016601013270001,rc_clacul,gramalote,170000,0.1,producto_sin_precio_en_insumo_investigador,17000
pcnac2022,valor_pc,16016601020230001,rc_clacul,gramalote,185000,0.1,producto_sin_precio_en_insumo_investigador,18500
pcnac2022,valor_pc,16016601020310001,rc_clacul,gramalote,12500,0.1,producto_sin_precio_en_insumo_investigador,1250
pcnac2022,valor_pc,16016601020310001,rc_clacul,gramalote,195000,0.1,producto_sin_precio_en_insumo_investigador,19500
pcnac2022,valor_pc,16016601020310005,rc_clacul,gramalote,249750,0.1,producto_sin_precio_en_insumo_investigador,24975
pcnac2022,valor_pc,16016603011090005,rc_clacul,gramalote,25000,0.1,producto_sin_precio_en_insumo_investigador,2500
pcnac2022,valor_pc,16016603011090013,rc_clacul,gramalote,45000,0.1,producto_sin_precio_en_insumo_investigador,4500
pcnac2022,valor_pc,16016603011090020,rc_clacul,gramalote,20000,0.1,producto_sin_precio_en_insumo_investigador,2000
pcnac2022,valor_pc,16016603011090024,rc_clacul,gramalote,20000,0.1,producto_sin_precio_en_insumo_investigador,2000
pcnac2022,valor_pc,16025101034840001,rc_clacul,gramalote,29400,0.1,producto_sin_precio_en_insumo_investigador,2940
pcnac2022,valor_pc,16025101034840001,rc_clacul,gramalote,2250,0.1,producto_sin_precio_en_insumo_investigador,225
pcnac2022,valor_pc,16025101034840001,rc_clacul,gramalote,28350,0.1,producto_sin_precio_en_insumo_investigador,2835
pcnac2022,valor_pc,16025101036970001,rc_clacul,gramalote,10000,0.1,producto_sin_precio_en_insumo_investigador,1000
pcnac2022,valor_pc,16025101036970001,rc_clacul,gramalote,15000,0.1,producto_sin_precio_en_insumo_investigador,1500
pcnac2022,valor_pc,16025201029710015,rc_clacul,gramalote,13750,0.1,producto_sin_precio_en_insumo_investigador,1375
pcnac2022,valor_pc,16035064000991764,rc_clacul,gramalote,5000,0.1,producto_sin_precio_en_insumo_investigador,500
pcnac2022,valor_pc,16035064000991765,rc_clacul,gramalote,33700,0.1,producto_sin_precio_en_insumo_investigador,3370
pcnac2022,valor_pc,16035101005370001,rc_clacul,gramalote,20000,0.1,producto_sin_precio_en_insumo_investigador,2000
pcnac2022,valor_pc,16045004001880002,rc_clacul,gramalote,15650,0.1,producto_sin_precio_en_insumo_investigador,1565
pcnac2022,valor_pc,16045004001880003,rc_clacul,gramalote,32350,0.1,producto_sin_precio_en_insumo_investigador,3235
pcnac2022,valor_pc,16045004001880003,rc_clacul,gramalote,12400,0.1,producto_sin_precio_en_insumo_investigador,1240
pcnac2022,valor_pc,16045004001880005,rc_clacul,gramalote,78750,0.1,producto_sin_precio_en_insumo_investigador,7875
pcnac2022,valor_pc,16045004001880007,rc_clacul,gramalote,7200,0.1,producto_sin_precio_en_insumo_investigador,720
pcnac2022,valor_pc,16045004001880008,rc_clacul,gramalote,10000,0.1,producto_sin_precio_en_insumo_investigador,1000
pcnac2022,valor_pc,16045004001880009,rc_clacul,gramalote,25000,0.1,producto_sin_precio_en_insumo_investigador,2500
pcnac2022,valor_pc,16045004001880013,rc_clacul,gramalote,60000,0.1,producto_sin_precio_en_insumo_investigador,6000
pcnac2022,valor_pc,16045004001880013,rc_clacul,gramalote,2e+05,0.1,producto_sin_precio_en_insumo_investigador,20000
pcnac2022,valor_pc,16045004001880017,rc_clacul,gramalote,50000,0.1,producto_sin_precio_en_insumo_investigador,5000
pcnac2022,valor_pc,16045004001880017,rc_clacul,gramalote,50000,0.1,producto_sin_precio_en_insumo_investigador,5000
pcnac2022,valor_pc,16045004001880018,rc_clacul,gramalote,35000,0.1,producto_sin_precio_en_insumo_investigador,3500
pcnac2022,valor_pc,16045004001880019,rc_clacul,gramalote,20000,0.1,producto_sin_precio_en_insumo_investigador,2000
pcnac2022,valor_pc,16045004001880019,rc_clacul,gramalote,19700,0.1,producto_sin_precio_en_insumo_investigador,1970
pcnac2022,valor_pc,17015061000992977,rc_clacul,otros pastos cultivados,12500,0.1,producto_sin_precio_en_insumo_investigador,1250
pcnac2022,valor_pc,17015401065660002,rc_clacul,otros pastos cultivados,5000,0.1,producto_sin_precio_en_insumo_investigador,500
pcnac2022,valor_pc,17015463000993668,rc_clacul,otros pastos cultivados,60000,0.1,producto_sin_precio_en_insumo_investigador,6000
pcnac2022,valor_pc,17015463000993668,rc_clacul,otros pastos cultivados,30000,0.1,producto_sin_precio_en_insumo_investigador,3000
pcnac2022,valor_pc,17016601212920001,rc_clacul,otros pastos cultivados,95000,0.1,producto_sin_precio_en_insumo_investigador,9500
pcnac2022,valor_pc,17016901102440004,rc_clacul,otros pastos cultivados,10000,0.1,producto_sin_precio_en_insumo_investigador,1000
pcnac2022,valor_pc,17016955000993995,rc_clacul,otros pastos cultivados,5000,0.1,producto_sin_precio_en_insumo_investigador,500
pcnac2022,valor_pc,17016962000990430,rc_clacul,otros pastos cultivados,5000,0.1,producto_sin_precio_en_insumo_investigador,500
pcnac2022,valor_pc,17016963000993676,rc_clacul,otros pastos cultivados,20000,0.1,producto_sin_precio_en_insumo_investigador,2000
pcnac2022,valor_pc,17017261000992441,rc_clacul,gramalote,60000,0.1,producto_sin_precio_en_insumo_investigador,6000
pcnac2022,valor_pc,17017261000992685,rc_clacul,gramalote,150000,0.1,producto_sin_precio_en_insumo_investigador,15000
pcnac2022,valor_pc,17017661000992466,rc_clacul,otros pastos cultivados,5e+05,0.1,producto_sin_precio_en_insumo_investigador,50000
pcnac2022,valor_pc,17025061000992976,rc_clacul,otros pastos cultivados,12500,0.1,producto_sin_precio_en_insumo_investigador,1250
pcnac2022,valor_pc,17025201151750004,rc_clacul,otros pastos cultivados,19850,0.1,producto_sin_precio_en_insumo_investigador,1985
pcnac2022,valor_pc,17025301030100006,rc_clacul,otros pastos cultivados,15000,0.1,producto_sin_precio_en_insumo_investigador,1500
pcnac2022,valor_pc,17035061000992582,rc_clacul,otros pastos cultivados,15000,0.1,producto_sin_precio_en_insumo_investigador,1500
pcnac2022,valor_pc,17035061000993052,rc_clacul,otros pastos cultivados,30000,0.1,producto_sin_precio_en_insumo_investigador,3000
pcnac2022,valor_pc,17035061000993224,rc_clacul,otros pastos cultivados,45000,0.1,producto_sin_precio_en_insumo_investigador,4500
pcnac2022,valor_pc,17035061000993224,rc_clacul,otros pastos cultivados,45000,0.1,producto_sin_precio_en_insumo_investigador,4500
pcnac2022,valor_pc,17035061000993224,rc_clacul,otros pastos cultivados,45000,0.1,producto_sin_precio_en_insumo_investigador,4500
pcnac2022,valor_pc,17035661000993107,rc_clacul,otros pastos cultivados,75000,0.1,producto_sin_precio_en_insumo_investigador,7500
pcnac2022,valor_pc,17075001103250005,rc_clacul,gramalote,20000,0.1,producto_sin_precio_en_insumo_investigador,2000
pcnac2022,valor_pc,17075001137740001,rc_clacul,gramalote,150000,0.1,producto_sin_precio_en_insumo_investigador,15000
pcnac2022,valor_pc,17075001154750001,rc_clacul,gramalote,150000,0.1,producto_sin_precio_en_insumo_investigador,15000
pcnac2022,valor_pc,17075003006170002,rc_clacul,gramalote,1e+05,0.1,producto_sin_precio_en_insumo_investigador,10000
pcnac2022,valor_pc,17075003006170003,rc_clacul,gramalote,150000,0.1,producto_sin_precio_en_insumo_investigador,15000
pcnac2022,valor_pc,17085001031650001,rc_clacul,otros pastos cultivados,50000,0.1,producto_sin_precio_en_insumo_investigador,5000
pcnac2022,valor_pc,17085001051470001,rc_clacul,otros pastos cultivados,45000,0.1,producto_sin_precio_en_insumo_investigador,4500
pcnac2022,valor_pc,17085062000990546,rc_clacul,otros pastos cultivados,50000,0.1,producto_sin_precio_en_insumo_investigador,5000
pcnac2022,valor_pc,17085062000990546,rc_clacul,otros pastos cultivados,250000,0.1,producto_sin_precio_en_insumo_investigador,25000
pcnac2022,valor_pc,17085062000990546,rc_clacul,otros pastos cultivados,5e+05,0.1,producto_sin_precio_en_insumo_investigador,50000
pcnac2022,valor_pc,17085062000990546,rc_clacul,otros pastos cultivados,125000,0.1,producto_sin_precio_en_insumo_investigador,12500
pcnac2022,valor_pc,17085062000990546,rc_clacul,gramalote,125000,0.1,producto_sin_precio_en_insumo_investigador,12500
pcnac2022,valor_pc,17095004000050005,rc_clacul,gramalote,7500,0.1,producto_sin_precio_en_insumo_investigador,750
pcnac2022,valor_pc,17095004000050011,rc_clacul,gramalote,25000,0.1,producto_sin_precio_en_insumo_investigador,2500
pcnac2022,valor_pc,17095004000060007,rc_clacul,otros pastos cultivados,10000,0.1,producto_sin_precio_en_insumo_investigador,1000
pcnac2022,valor_pc,17095004000360004,rc_clacul,gramalote,45000,0.1,producto_sin_precio_en_insumo_investigador,4500
pcnac2022,valor_pc,18015662000990426,rc_clacul,otros pastos cultivados,1250,0.1,producto_sin_precio_en_insumo_investigador,125
pcnac2022,valor_pc,18075001055640014,rc_clacul,otros pastos cultivados,200,0.1,producto_sin_precio_en_insumo_investigador,20
pcnac2022,valor_pc,18075001055640015,rc_clacul,otros pastos cultivados,300,0.1,producto_sin_precio_en_insumo_investigador,30
pcnac2022,valor_pc,18095004000290006,rc_clacul,gramalote,950,0.1,producto_sin_precio_en_insumo_investigador,95
pcnac2022,valor_pc,18095004000290006,rc_clacul,gramalote,2500,0.1,producto_sin_precio_en_insumo_investigador,250
pcnac2022,valor_pc,18095101073370016,rc_clacul,gramalote,450,0.1,producto_sin_precio_en_insumo_investigador,45
pcnac2022,valor_pc,18095101073370018,rc_clacul,gramalote,1500,0.1,producto_sin_precio_en_insumo_investigador,150
pcnac2022,valor_pc,18095101073370021,rc_clacul,gramalote,1500,0.1,producto_sin_precio_en_insumo_investigador,150
pcnac2022,valor_pc,19015204000800004,rc_clacul,gramalote,45000,0.1,producto_sin_precio_en_insumo_investigador,4500
pcnac2022,valor_pc,19015204000800004,rc_clacul,gramalote,70000,0.1,producto_sin_precio_en_insumo_investigador,7000
pcnac2022,valor_pc,19045001003530001,rc_clacul,gramalote,50000,0.1,producto_sin_precio_en_insumo_investigador,5000
pcnac2022,valor_pc,19045001003530002,rc_clacul,gramalote,8750,0.1,producto_sin_precio_en_insumo_investigador,875
pcnac2022,valor_pc,19045001003530003,rc_clacul,gramalote,40000,0.1,producto_sin_precio_en_insumo_investigador,4000
pcnac2022,valor_pc,19045001003530003,rc_clacul,gramalote,4900,0.1,producto_sin_precio_en_insumo_investigador,490
pcnac2022,valor_pc,19045001003530004,rc_clacul,gramalote,35000,0.1,producto_sin_precio_en_insumo_investigador,3500
pcnac2022,valor_pc,19045001008090003,rc_clacul,gramalote,25000,0.1,producto_sin_precio_en_insumo_investigador,2500
pcnac2022,valor_pc,19045001008090004,rc_clacul,gramalote,5000,0.1,producto_sin_precio_en_insumo_investigador,500
pcnac2022,valor_pc,19045101009150001,rc_clacul,gramalote,25000,0.1,producto_sin_precio_en_insumo_investigador,2500
pcnac2022,valor_pc,19045101009150002,rc_clacul,gramalote,124950,0.1,producto_sin_precio_en_insumo_investigador,12495
pcnac2022,valor_pc,19045101011750001,rc_clacul,gramalote,40000,0.1,producto_sin_precio_en_insumo_investigador,4000
pcnac2022,valor_pc,19045101011750002,rc_clacul,gramalote,30000,0.1,producto_sin_precio_en_insumo_investigador,3000
pcnac2022,valor_pc,19045101012550001,rc_clacul,gramalote,40000,0.1,producto_sin_precio_en_insumo_investigador,4000
pcnac2022,valor_pc,19045101012550001,rc_clacul,gramalote,10000,0.1,producto_sin_precio_en_insumo_investigador,1000
pcnac2022,valor_pc,19045201000520001,rc_clacul,gramalote,30000,0.1,producto_sin_precio_en_insumo_investigador,3000
pcnac2022,valor_pc,19045201000520001,rc_clacul,gramalote,45000,0.1,producto_sin_precio_en_insumo_investigador,4500
pcnac2022,valor_pc,19045201000520001,rc_clacul,gramalote,20000,0.1,producto_sin_precio_en_insumo_investigador,2000
pcnac2022,valor_pc,19045201000520002,rc_clacul,gramalote,39900,0.1,producto_sin_precio_en_insumo_investigador,3990
pcnac2022,valor_pc,19045201002380001,rc_clacul,gramalote,499950,0.1,producto_sin_precio_en_insumo_investigador,49995
pcnac2022,valor_pc,19045201002380001,rc_clacul,gramalote,25000,0.1,producto_sin_precio_en_insumo_investigador,2500
pcnac2022,valor_pc,19065302000010001,rc_clacul,otros pastos cultivados,50000,0.1,producto_sin_precio_en_insumo_investigador,5000
pcnac2022,valor_pc,19065302000010001,rc_clacul,gramalote,1e+05,0.1,producto_sin_precio_en_insumo_investigador,10000
pcnac2022,valor_pc,19065302000010002,rc_clacul,gramalote,125000,0.1,producto_sin_precio_en_insumo_investigador,12500
pcnac2022,valor_pc,19065302000010003,rc_clacul,gramalote,75000,0.1,producto_sin_precio_en_insumo_investigador,7500
pcnac2022,valor_pc,19065302000010003,rc_clacul,gramalote,125000,0.1,producto_sin_precio_en_insumo_investigador,12500
pcnac2022,valor_pc,19075004000920004,rc_clacul,gramalote,40000,0.1,producto_sin_precio_en_insumo_investigador,4000
pcnac2022,valor_pc,19085001024360002,rc_clacul,gramalote,5000,0.1,producto_sin_precio_en_insumo_investigador,500
pcnac2022,valor_pc,19095102005690001,rc_clacul,gramalote,49950,0.1,producto_sin_precio_en_insumo_investigador,4995
pcnac2022,valor_pc,21015302003450003,rc_clacul,otros pastos cultivados,235000,0.1,producto_sin_precio_en_insumo_investigador,23500
pcnac2022,valor_pc,21015502020170002,rc_clacul,gramalote,5000,0.1,producto_sin_precio_en_insumo_investigador,500
pcnac2022,valor_pc,21015603011490003,rc_clacul,gramalote,5000,0.1,producto_sin_precio_en_insumo_investigador,500
pcnac2022,valor_pc,21015704001660002,rc_clacul,gramalote,30000,0.1,producto_sin_precio_en_insumo_investigador,3000
pcnac2022,valor_pc,21015704001660002,rc_clacul,gramalote,5000,0.1,producto_sin_precio_en_insumo_investigador,500
pcnac2022,valor_pc,21015704001660002,rc_clacul,gramalote,10000,0.1,producto_sin_precio_en_insumo_investigador,1000
pcnac2022,valor_pc,21015704001660003,rc_clacul,gramalote,10000,0.1,producto_sin_precio_en_insumo_investigador,1000
pcnac2022,valor_pc,21015704001660003,rc_clacul,gramalote,10000,0.1,producto_sin_precio_en_insumo_investigador,1000
pcnac2022,valor_pc,21015704001660004,rc_clacul,gramalote,15000,0.1,producto_sin_precio_en_insumo_investigador,1500
pcnac2022,valor_pc,21015802017100003,rc_clacul,gramalote,5000,0.1,producto_sin_precio_en_insumo_investigador,500
pcnac2022,valor_pc,21025001005220002,rc_clacul,gramalote,7500,0.1,producto_sin_precio_en_insumo_investigador,750
pcnac2022,valor_pc,21025001005870003,rc_clacul,micay,25000,0.1,producto_sin_precio_en_insumo_investigador,2500
pcnac2022,valor_pc,21025001005870003,rc_clacul,gramalote,25000,0.1,producto_sin_precio_en_insumo_investigador,2500
pcnac2022,valor_pc,21025001010640001,rc_clacul,gramalote,25000,0.1,producto_sin_precio_en_insumo_investigador,2500
pcnac2022,valor_pc,21025003013520007,rc_clacul,gramalote,1e+05,0.1,producto_sin_precio_en_insumo_investigador,10000
pcnac2022,valor_pc,21025003013520008,rc_clacul,otros pastos cultivados,75000,0.1,producto_sin_precio_en_insumo_investigador,7500
pcnac2022,valor_pc,21025101010480001,rc_clacul,otros pastos cultivados,1e+05,0.1,producto_sin_precio_en_insumo_investigador,10000
pcnac2022,valor_pc,21025101010550002,rc_clacul,otros pastos cultivados,75000,0.1,producto_sin_precio_en_insumo_investigador,7500
pcnac2022,valor_pc,21025101013770001,rc_clacul,micay,15000,0.1,producto_sin_precio_en_insumo_investigador,1500
pcnac2022,valor_pc,21025101014250001,rc_clacul,otros pastos cultivados,20000,0.1,producto_sin_precio_en_insumo_investigador,2000
pcnac2022,valor_pc,21035004000950002,rc_clacul,otros pastos cultivados,2e+05,0.1,producto_sin_precio_en_insumo_investigador,20000
pcnac2022,valor_pc,21035404000980002,rc_clacul,otros pastos cultivados,50000,0.1,producto_sin_precio_en_insumo_investigador,5000
pcnac2022,valor_pc,21035503007590008,rc_clacul,otros pastos cultivados,30000,0.1,producto_sin_precio_en_insumo_investigador,3000
pcnac2022,valor_pc,21045002029800002,rc_clacul,otros pastos cultivados,29600,0.1,producto_sin_precio_en_insumo_investigador,2960
pcnac2022,valor_pc,21045002029800002,rc_clacul,otros pastos cultivados,5000,0.1,producto_sin_precio_en_insumo_investigador,500
pcnac2022,valor_pc,21045002029800004,rc_clacul,otros pastos cultivados,29850,0.1,producto_sin_precio_en_insumo_investigador,2985
pcnac2022,valor_pc,21045002029800004,rc_clacul,otros pastos cultivados,35000,0.1,producto_sin_precio_en_insumo_investigador,3500
pcnac2022,valor_pc,21045002030480004,rc_clacul,otros pastos cultivados,20000,0.1,producto_sin_precio_en_insumo_investigador,2000
pcnac2022,valor_pc,21045002037100007,rc_clacul,pueraria jabanica,20000,0.1,producto_sin_precio_en_insumo_investigador,2000
pcnac2022,valor_pc,21045002037100007,rc_clacul,pueraria jabanica,30000,0.1,producto_sin_precio_en_insumo_investigador,3000
pcnac2022,valor_pc,21045002037770006,rc_clacul,otros pastos cultivados,45000,0.1,producto_sin_precio_en_insumo_investigador,4500
pcnac2022,valor_pc,21045104004150002,rc_clacul,otros pastos cultivados,15000,0.1,producto_sin_precio_en_insumo_investigador,1500
pcnac2022,valor_pc,21045302046810004,rc_clacul,otros pastos cultivados,10000,0.1,producto_sin_precio_en_insumo_investigador,1000
pcnac2022,valor_pc,21065104001490006,rc_clacul,gramalote,34950,0.1,producto_sin_precio_en_insumo_investigador,3495
pcnac2022,valor_pc,21065303017530003,rc_clacul,otros pastos cultivados,74900,0.1,producto_sin_precio_en_insumo_investigador,7490
pcnac2022,valor_pc,21065303017530006,rc_clacul,otros pastos cultivados,1e+05,0.1,producto_sin_precio_en_insumo_investigador,10000
pcnac2022,valor_pc,21075002035670003,rc_clacul,otros pastos cultivados,15000,0.1,producto_sin_precio_en_insumo_investigador,1500
pcnac2022,valor_pc,21075002035670004,rc_clacul,otros pastos cultivados,5000,0.1,producto_sin_precio_en_insumo_investigador,500
pcnac2022,valor_pc,21075003020550003,rc_clacul,otros pastos cultivados,2500,0.1,producto_sin_precio_en_insumo_investigador,250
pcnac2022,valor_pc,22045303005200006,rc_clacul,gramalote,5000,0.1,producto_sin_precio_en_insumo_investigador,500
pcnac2022,valor_pc,22045403015300002,rc_clacul,gramalote,20000,0.1,producto_sin_precio_en_insumo_investigador,2000
pcnac2022,valor_pc,23015059000990593,rc_clacul,otros pastos cultivados,10000,0.1,producto_sin_precio_en_insumo_investigador,1000
pcnac2022,valor_pc,23015101075130002,rc_clacul,gramalote,189900,0.1,producto_sin_precio_en_insumo_investigador,18990
pcnac2022,valor_pc,23015103001130002,rc_clacul,otros pastos cultivados,4950,0.1,producto_sin_precio_en_insumo_investigador,495
pcnac2022,valor_pc,23015103001130004,rc_clacul,otros pastos cultivados,140000,0.1,producto_sin_precio_en_insumo_investigador,14000
pcnac2022,valor_pc,23015261000992289,rc_clacul,otros pastos cultivados,250000,0.1,producto_sin_precio_en_insumo_investigador,25000
pcnac2022,valor_pc,23015261000992335,rc_clacul,otros pastos cultivados,3750000,0.1,producto_sin_precio_en_insumo_investigador,375000
pcnac2022,valor_pc,23015360000990022,rc_clacul,otros pastos cultivados,140000,0.1,producto_sin_precio_en_insumo_investigador,14000
pcnac2022,valor_pc,23015360000990022,rc_clacul,otros pastos cultivados,3e+05,0.1,producto_sin_precio_en_insumo_investigador,30000
pcnac2022,valor_pc,23015403000380034,rc_clacul,otros pastos cultivados,25000,0.1,producto_sin_precio_en_insumo_investigador,2500
pcnac2022,valor_pc,23015460000990097,rc_clacul,otros pastos cultivados,110000,0.1,producto_sin_precio_en_insumo_investigador,11000
pcnac2022,valor_pc,23015501003030004,rc_clacul,otros pastos cultivados,57500,0.1,producto_sin_precio_en_insumo_investigador,5750
pcnac2022,valor_pc,23015501006110003,rc_clacul,otros pastos cultivados,85000,0.1,producto_sin_precio_en_insumo_investigador,8500
pcnac2022,valor_pc,23015501013610001,rc_clacul,otros pastos cultivados,57400,0.1,producto_sin_precio_en_insumo_investigador,5740
pcnac2022,valor_pc,23015503000170001,rc_clacul,otros pastos cultivados,12500,0.1,producto_sin_precio_en_insumo_investigador,1250
pcnac2022,valor_pc,23015503000170001,rc_clacul,otros pastos cultivados,5000,0.1,producto_sin_precio_en_insumo_investigador,500
pcnac2022,valor_pc,23015564000991497,rc_clacul,otros pastos cultivados,50000,0.1,producto_sin_precio_en_insumo_investigador,5000
pcnac2022,valor_pc,23015602013710002,rc_clacul,otros pastos cultivados,10000,0.1,producto_sin_precio_en_insumo_investigador,1000
pcnac2022,valor_pc,23015661000992416,rc_clacul,otros pastos cultivados,150000,0.1,producto_sin_precio_en_insumo_investigador,15000
pcnac2022,valor_pc,23025060000990098,rc_clacul,otros pastos cultivados,2e+05,0.1,producto_sin_precio_en_insumo_investigador,20000
pcnac2022,valor_pc,23025061000992452,rc_clacul,otros pastos cultivados,620000,0.1,producto_sin_precio_en_insumo_investigador,62000
pcnac2022,valor_pc,24015203000900002,rc_clacul,otros pastos cultivados,7500,0.1,producto_sin_precio_en_insumo_investigador,750
pcnac2022,valor_pc,24015462000990367,rc_clacul,otros pastos cultivados,15000,0.1,producto_sin_precio_en_insumo_investigador,1500
